SessionID,Severity,Code,Name,Description,ParentFile,Line,Column,Code Unit Database,Code Unit Schema,Code Unit Package,Code Unit Name,Code Unit Id,Code Unit,Code Unit Size,SourceLanguage,MigrationID
6eb54011-ba58-4fdb-84b6-d39159932fda,None,SSC-FDM-0007,Element with missing dependencies,"MISSING DEPENDENT OBJECT ""Planning.usp_ExecuteCostAllocation""",database_unspecified/planning/procedure/usp_performfinancialclose.sql,30,2,N/A,Planning,N/A,"usp_PerformFinancialClose(INT,VARCHAR,BIT,BIT,BIT,BIT,NVARCHAR,BIT,INT,XML,VARCHAR)","Planning.usp_PerformFinancialClose(INT,VARCHAR,BIT,BIT,BIT,BIT,NVARCHAR,BIT,INT,XML,VARCHAR)",CREATE PROCEDURE,M,Transact,DZ2dAbBcX3Skb4MNB+rC+Q==
6eb54011-ba58-4fdb-84b6-d39159932fda,None,SSC-FDM-TS0016,XML columns in Snowflake might have a different format,XML COLUMNS IN SNOWFLAKE MIGHT HAVE A DIFFERENT FORMAT,database_unspecified/planning/procedure/usp_performfinancialclose.sql,469,13,N/A,Planning,N/A,"usp_PerformFinancialClose(INT,VARCHAR,BIT,BIT,BIT,BIT,NVARCHAR,BIT,INT,XML,VARCHAR)","Planning.usp_PerformFinancialClose(INT,VARCHAR,BIT,BIT,BIT,BIT,NVARCHAR,BIT,INT,XML,VARCHAR)",CREATE PROCEDURE,M,Transact,DZ2dAbBcX3Skb4MNB+rC+Q==
6eb54011-ba58-4fdb-84b6-d39159932fda,High,SSC-EWI-0108,This subquery matches a pattern considered invalid and may cause compilation errors,THE FOLLOWING SUBQUERY MATCHES AT LEAST ONE OF THE PATTERNS CONSIDERED INVALID AND MAY PRODUCE COMPILATION ERRORS,database_unspecified/planning/procedure/usp_performfinancialclose.sql,500,13,N/A,Planning,N/A,"usp_PerformFinancialClose(INT,VARCHAR,BIT,BIT,BIT,BIT,NVARCHAR,BIT,INT,XML,VARCHAR)","Planning.usp_PerformFinancialClose(INT,VARCHAR,BIT,BIT,BIT,BIT,NVARCHAR,BIT,INT,XML,VARCHAR)",CREATE PROCEDURE,M,Transact,DZ2dAbBcX3Skb4MNB+rC+Q==
6eb54011-ba58-4fdb-84b6-d39159932fda,None,SSC-FDM-TS0016,XML columns in Snowflake might have a different format,XML COLUMNS IN SNOWFLAKE MIGHT HAVE A DIFFERENT FORMAT,database_unspecified/planning/procedure/usp_performfinancialclose.sql,502,21,N/A,Planning,N/A,"usp_PerformFinancialClose(INT,VARCHAR,BIT,BIT,BIT,BIT,NVARCHAR,BIT,INT,XML,VARCHAR)","Planning.usp_PerformFinancialClose(INT,VARCHAR,BIT,BIT,BIT,BIT,NVARCHAR,BIT,INT,XML,VARCHAR)",CREATE PROCEDURE,M,Transact,DZ2dAbBcX3Skb4MNB+rC+Q==
6eb54011-ba58-4fdb-84b6-d39159932fda,High,SSC-EWI-0108,This subquery matches a pattern considered invalid and may cause compilation errors,THE FOLLOWING SUBQUERY MATCHES AT LEAST ONE OF THE PATTERNS CONSIDERED INVALID AND MAY PRODUCE COMPILATION ERRORS,database_unspecified/planning/procedure/usp_performfinancialclose.sql,506,21,N/A,Planning,N/A,"usp_PerformFinancialClose(INT,VARCHAR,BIT,BIT,BIT,BIT,NVARCHAR,BIT,INT,XML,VARCHAR)","Planning.usp_PerformFinancialClose(INT,VARCHAR,BIT,BIT,BIT,BIT,NVARCHAR,BIT,INT,XML,VARCHAR)",CREATE PROCEDURE,M,Transact,DZ2dAbBcX3Skb4MNB+rC+Q==
6eb54011-ba58-4fdb-84b6-d39159932fda,None,SSC-FDM-0002,Correlated Subquery May Have Functional Differences.,CORRELATED SUBQUERIES MAY HAVE SOME FUNCTIONAL DIFFERENCES.,database_unspecified/planning/procedure/usp_performfinancialclose.sql,506,21,N/A,Planning,N/A,"usp_PerformFinancialClose(INT,VARCHAR,BIT,BIT,BIT,BIT,NVARCHAR,BIT,INT,XML,VARCHAR)","Planning.usp_PerformFinancialClose(INT,VARCHAR,BIT,BIT,BIT,BIT,NVARCHAR,BIT,INT,XML,VARCHAR)",CREATE PROCEDURE,M,Transact,DZ2dAbBcX3Skb4MNB+rC+Q==
6eb54011-ba58-4fdb-84b6-d39159932fda,High,SSC-EWI-0108,This subquery matches a pattern considered invalid and may cause compilation errors,THE FOLLOWING SUBQUERY MATCHES AT LEAST ONE OF THE PATTERNS CONSIDERED INVALID AND MAY PRODUCE COMPILATION ERRORS,database_unspecified/planning/procedure/usp_performfinancialclose.sql,505,21,N/A,Planning,N/A,"usp_PerformFinancialClose(INT,VARCHAR,BIT,BIT,BIT,BIT,NVARCHAR,BIT,INT,XML,VARCHAR)","Planning.usp_PerformFinancialClose(INT,VARCHAR,BIT,BIT,BIT,BIT,NVARCHAR,BIT,INT,XML,VARCHAR)",CREATE PROCEDURE,M,Transact,DZ2dAbBcX3Skb4MNB+rC+Q==
6eb54011-ba58-4fdb-84b6-d39159932fda,None,SSC-FDM-0002,Correlated Subquery May Have Functional Differences.,CORRELATED SUBQUERIES MAY HAVE SOME FUNCTIONAL DIFFERENCES.,database_unspecified/planning/procedure/usp_performfinancialclose.sql,505,21,N/A,Planning,N/A,"usp_PerformFinancialClose(INT,VARCHAR,BIT,BIT,BIT,BIT,NVARCHAR,BIT,INT,XML,VARCHAR)","Planning.usp_PerformFinancialClose(INT,VARCHAR,BIT,BIT,BIT,BIT,NVARCHAR,BIT,INT,XML,VARCHAR)",CREATE PROCEDURE,M,Transact,DZ2dAbBcX3Skb4MNB+rC+Q==
6eb54011-ba58-4fdb-84b6-d39159932fda,High,SSC-EWI-0108,This subquery matches a pattern considered invalid and may cause compilation errors,THE FOLLOWING SUBQUERY MATCHES AT LEAST ONE OF THE PATTERNS CONSIDERED INVALID AND MAY PRODUCE COMPILATION ERRORS,database_unspecified/planning/procedure/usp_performfinancialclose.sql,504,21,N/A,Planning,N/A,"usp_PerformFinancialClose(INT,VARCHAR,BIT,BIT,BIT,BIT,NVARCHAR,BIT,INT,XML,VARCHAR)","Planning.usp_PerformFinancialClose(INT,VARCHAR,BIT,BIT,BIT,BIT,NVARCHAR,BIT,INT,XML,VARCHAR)",CREATE PROCEDURE,M,Transact,DZ2dAbBcX3Skb4MNB+rC+Q==
6eb54011-ba58-4fdb-84b6-d39159932fda,None,SSC-FDM-0002,Correlated Subquery May Have Functional Differences.,CORRELATED SUBQUERIES MAY HAVE SOME FUNCTIONAL DIFFERENCES.,database_unspecified/planning/procedure/usp_performfinancialclose.sql,504,21,N/A,Planning,N/A,"usp_PerformFinancialClose(INT,VARCHAR,BIT,BIT,BIT,BIT,NVARCHAR,BIT,INT,XML,VARCHAR)","Planning.usp_PerformFinancialClose(INT,VARCHAR,BIT,BIT,BIT,BIT,NVARCHAR,BIT,INT,XML,VARCHAR)",CREATE PROCEDURE,M,Transact,DZ2dAbBcX3Skb4MNB+rC+Q==
6eb54011-ba58-4fdb-84b6-d39159932fda,High,SSC-EWI-0108,This subquery matches a pattern considered invalid and may cause compilation errors,THE FOLLOWING SUBQUERY MATCHES AT LEAST ONE OF THE PATTERNS CONSIDERED INVALID AND MAY PRODUCE COMPILATION ERRORS,database_unspecified/planning/procedure/usp_performfinancialclose.sql,503,21,N/A,Planning,N/A,"usp_PerformFinancialClose(INT,VARCHAR,BIT,BIT,BIT,BIT,NVARCHAR,BIT,INT,XML,VARCHAR)","Planning.usp_PerformFinancialClose(INT,VARCHAR,BIT,BIT,BIT,BIT,NVARCHAR,BIT,INT,XML,VARCHAR)",CREATE PROCEDURE,M,Transact,DZ2dAbBcX3Skb4MNB+rC+Q==
6eb54011-ba58-4fdb-84b6-d39159932fda,None,SSC-FDM-0002,Correlated Subquery May Have Functional Differences.,CORRELATED SUBQUERIES MAY HAVE SOME FUNCTIONAL DIFFERENCES.,database_unspecified/planning/procedure/usp_performfinancialclose.sql,503,21,N/A,Planning,N/A,"usp_PerformFinancialClose(INT,VARCHAR,BIT,BIT,BIT,BIT,NVARCHAR,BIT,INT,XML,VARCHAR)","Planning.usp_PerformFinancialClose(INT,VARCHAR,BIT,BIT,BIT,BIT,NVARCHAR,BIT,INT,XML,VARCHAR)",CREATE PROCEDURE,M,Transact,DZ2dAbBcX3Skb4MNB+rC+Q==
6eb54011-ba58-4fdb-84b6-d39159932fda,High,SSC-EWI-0108,This subquery matches a pattern considered invalid and may cause compilation errors,THE FOLLOWING SUBQUERY MATCHES AT LEAST ONE OF THE PATTERNS CONSIDERED INVALID AND MAY PRODUCE COMPILATION ERRORS,database_unspecified/planning/procedure/usp_performfinancialclose.sql,502,21,N/A,Planning,N/A,"usp_PerformFinancialClose(INT,VARCHAR,BIT,BIT,BIT,BIT,NVARCHAR,BIT,INT,XML,VARCHAR)","Planning.usp_PerformFinancialClose(INT,VARCHAR,BIT,BIT,BIT,BIT,NVARCHAR,BIT,INT,XML,VARCHAR)",CREATE PROCEDURE,M,Transact,DZ2dAbBcX3Skb4MNB+rC+Q==
6eb54011-ba58-4fdb-84b6-d39159932fda,None,SSC-FDM-0002,Correlated Subquery May Have Functional Differences.,CORRELATED SUBQUERIES MAY HAVE SOME FUNCTIONAL DIFFERENCES.,database_unspecified/planning/procedure/usp_performfinancialclose.sql,502,21,N/A,Planning,N/A,"usp_PerformFinancialClose(INT,VARCHAR,BIT,BIT,BIT,BIT,NVARCHAR,BIT,INT,XML,VARCHAR)","Planning.usp_PerformFinancialClose(INT,VARCHAR,BIT,BIT,BIT,BIT,NVARCHAR,BIT,INT,XML,VARCHAR)",CREATE PROCEDURE,M,Transact,DZ2dAbBcX3Skb4MNB+rC+Q==
6eb54011-ba58-4fdb-84b6-d39159932fda,High,SSC-EWI-0108,This subquery matches a pattern considered invalid and may cause compilation errors,THE FOLLOWING SUBQUERY MATCHES AT LEAST ONE OF THE PATTERNS CONSIDERED INVALID AND MAY PRODUCE COMPILATION ERRORS,database_unspecified/planning/procedure/usp_performfinancialclose.sql,486,13,N/A,Planning,N/A,"usp_PerformFinancialClose(INT,VARCHAR,BIT,BIT,BIT,BIT,NVARCHAR,BIT,INT,XML,VARCHAR)","Planning.usp_PerformFinancialClose(INT,VARCHAR,BIT,BIT,BIT,BIT,NVARCHAR,BIT,INT,XML,VARCHAR)",CREATE PROCEDURE,M,Transact,DZ2dAbBcX3Skb4MNB+rC+Q==
6eb54011-ba58-4fdb-84b6-d39159932fda,None,SSC-FDM-0002,Correlated Subquery May Have Functional Differences.,CORRELATED SUBQUERIES MAY HAVE SOME FUNCTIONAL DIFFERENCES.,database_unspecified/planning/procedure/usp_performfinancialclose.sql,486,13,N/A,Planning,N/A,"usp_PerformFinancialClose(INT,VARCHAR,BIT,BIT,BIT,BIT,NVARCHAR,BIT,INT,XML,VARCHAR)","Planning.usp_PerformFinancialClose(INT,VARCHAR,BIT,BIT,BIT,BIT,NVARCHAR,BIT,INT,XML,VARCHAR)",CREATE PROCEDURE,M,Transact,DZ2dAbBcX3Skb4MNB+rC+Q==
6eb54011-ba58-4fdb-84b6-d39159932fda,None,SSC-FDM-TS0016,XML columns in Snowflake might have a different format,XML COLUMNS IN SNOWFLAKE MIGHT HAVE A DIFFERENT FORMAT,database_unspecified/planning/procedure/usp_performfinancialclose.sql,488,21,N/A,Planning,N/A,"usp_PerformFinancialClose(INT,VARCHAR,BIT,BIT,BIT,BIT,NVARCHAR,BIT,INT,XML,VARCHAR)","Planning.usp_PerformFinancialClose(INT,VARCHAR,BIT,BIT,BIT,BIT,NVARCHAR,BIT,INT,XML,VARCHAR)",CREATE PROCEDURE,M,Transact,DZ2dAbBcX3Skb4MNB+rC+Q==
6eb54011-ba58-4fdb-84b6-d39159932fda,High,SSC-EWI-0108,This subquery matches a pattern considered invalid and may cause compilation errors,THE FOLLOWING SUBQUERY MATCHES AT LEAST ONE OF THE PATTERNS CONSIDERED INVALID AND MAY PRODUCE COMPILATION ERRORS,database_unspecified/planning/procedure/usp_performfinancialclose.sql,477,13,N/A,Planning,N/A,"usp_PerformFinancialClose(INT,VARCHAR,BIT,BIT,BIT,BIT,NVARCHAR,BIT,INT,XML,VARCHAR)","Planning.usp_PerformFinancialClose(INT,VARCHAR,BIT,BIT,BIT,BIT,NVARCHAR,BIT,INT,XML,VARCHAR)",CREATE PROCEDURE,M,Transact,DZ2dAbBcX3Skb4MNB+rC+Q==
6eb54011-ba58-4fdb-84b6-d39159932fda,None,SSC-FDM-0002,Correlated Subquery May Have Functional Differences.,CORRELATED SUBQUERIES MAY HAVE SOME FUNCTIONAL DIFFERENCES.,database_unspecified/planning/procedure/usp_performfinancialclose.sql,477,13,N/A,Planning,N/A,"usp_PerformFinancialClose(INT,VARCHAR,BIT,BIT,BIT,BIT,NVARCHAR,BIT,INT,XML,VARCHAR)","Planning.usp_PerformFinancialClose(INT,VARCHAR,BIT,BIT,BIT,BIT,NVARCHAR,BIT,INT,XML,VARCHAR)",CREATE PROCEDURE,M,Transact,DZ2dAbBcX3Skb4MNB+rC+Q==
6eb54011-ba58-4fdb-84b6-d39159932fda,None,SSC-FDM-TS0016,XML columns in Snowflake might have a different format,XML COLUMNS IN SNOWFLAKE MIGHT HAVE A DIFFERENT FORMAT,database_unspecified/planning/procedure/usp_performfinancialclose.sql,479,21,N/A,Planning,N/A,"usp_PerformFinancialClose(INT,VARCHAR,BIT,BIT,BIT,BIT,NVARCHAR,BIT,INT,XML,VARCHAR)","Planning.usp_PerformFinancialClose(INT,VARCHAR,BIT,BIT,BIT,BIT,NVARCHAR,BIT,INT,XML,VARCHAR)",CREATE PROCEDURE,M,Transact,DZ2dAbBcX3Skb4MNB+rC+Q==
6eb54011-ba58-4fdb-84b6-d39159932fda,None,SSC-FDM-TS0023,Transformed ERROR function functionality could be different in snowflake,ERROR MESSAGE COULD BE DIFFERENT IN SNOWFLAKE,database_unspecified/planning/procedure/usp_performfinancialclose.sql,456,29,N/A,Planning,N/A,"usp_PerformFinancialClose(INT,VARCHAR,BIT,BIT,BIT,BIT,NVARCHAR,BIT,INT,XML,VARCHAR)","Planning.usp_PerformFinancialClose(INT,VARCHAR,BIT,BIT,BIT,BIT,NVARCHAR,BIT,INT,XML,VARCHAR)",CREATE PROCEDURE,M,Transact,DZ2dAbBcX3Skb4MNB+rC+Q==
6eb54011-ba58-4fdb-84b6-d39159932fda,None,SSC-FDM-TS0023,Transformed ERROR function functionality could be different in snowflake,ERROR MESSAGE COULD BE DIFFERENT IN SNOWFLAKE,database_unspecified/planning/procedure/usp_performfinancialclose.sql,447,93,N/A,Planning,N/A,"usp_PerformFinancialClose(INT,VARCHAR,BIT,BIT,BIT,BIT,NVARCHAR,BIT,INT,XML,VARCHAR)","Planning.usp_PerformFinancialClose(INT,VARCHAR,BIT,BIT,BIT,BIT,NVARCHAR,BIT,INT,XML,VARCHAR)",CREATE PROCEDURE,M,Transact,DZ2dAbBcX3Skb4MNB+rC+Q==
6eb54011-ba58-4fdb-84b6-d39159932fda,Medium,SSC-EWI-0027,Variable with invalid query,THE FOLLOWING STATEMENT USES A VARIABLE/LITERAL WITH AN INVALID QUERY AND IT WILL NOT BE EXECUTED,database_unspecified/planning/procedure/usp_performfinancialclose.sql,390,9,N/A,Planning,N/A,"usp_PerformFinancialClose(INT,VARCHAR,BIT,BIT,BIT,BIT,NVARCHAR,BIT,INT,XML,VARCHAR)","Planning.usp_PerformFinancialClose(INT,VARCHAR,BIT,BIT,BIT,BIT,NVARCHAR,BIT,INT,XML,VARCHAR)",CREATE PROCEDURE,M,Transact,DZ2dAbBcX3Skb4MNB+rC+Q==
6eb54011-ba58-4fdb-84b6-d39159932fda,Medium,SSC-EWI-0030,The statement below has usages of dynamic SQL.,THE STATEMENT BELOW HAS USAGES OF DYNAMIC SQL.,database_unspecified/planning/procedure/usp_performfinancialclose.sql,390,9,N/A,Planning,N/A,"usp_PerformFinancialClose(INT,VARCHAR,BIT,BIT,BIT,BIT,NVARCHAR,BIT,INT,XML,VARCHAR)","Planning.usp_PerformFinancialClose(INT,VARCHAR,BIT,BIT,BIT,BIT,NVARCHAR,BIT,INT,XML,VARCHAR)",CREATE PROCEDURE,M,Transact,DZ2dAbBcX3Skb4MNB+rC+Q==
6eb54011-ba58-4fdb-84b6-d39159932fda,None,SSC-FDM-TS0023,Transformed ERROR function functionality could be different in snowflake,ERROR MESSAGE COULD BE DIFFERENT IN SNOWFLAKE,database_unspecified/planning/procedure/usp_performfinancialclose.sql,384,88,N/A,Planning,N/A,"usp_PerformFinancialClose(INT,VARCHAR,BIT,BIT,BIT,BIT,NVARCHAR,BIT,INT,XML,VARCHAR)","Planning.usp_PerformFinancialClose(INT,VARCHAR,BIT,BIT,BIT,BIT,NVARCHAR,BIT,INT,XML,VARCHAR)",CREATE PROCEDURE,M,Transact,DZ2dAbBcX3Skb4MNB+rC+Q==
6eb54011-ba58-4fdb-84b6-d39159932fda,Medium,SSC-EWI-0073,Pending Functional Equivalence Review,PENDING FUNCTIONAL EQUIVALENCE REVIEW FOR 'RollbackName' NODE,database_unspecified/planning/procedure/usp_performfinancialclose.sql,380,38,N/A,Planning,N/A,"usp_PerformFinancialClose(INT,VARCHAR,BIT,BIT,BIT,BIT,NVARCHAR,BIT,INT,XML,VARCHAR)","Planning.usp_PerformFinancialClose(INT,VARCHAR,BIT,BIT,BIT,BIT,NVARCHAR,BIT,INT,XML,VARCHAR)",CREATE PROCEDURE,M,Transact,DZ2dAbBcX3Skb4MNB+rC+Q==
6eb54011-ba58-4fdb-84b6-d39159932fda,Medium,SSC-EWI-0027,Variable with invalid query,THE FOLLOWING STATEMENT USES A VARIABLE/LITERAL WITH AN INVALID QUERY AND IT WILL NOT BE EXECUTED,database_unspecified/planning/procedure/usp_performfinancialclose.sql,352,9,N/A,Planning,N/A,"usp_PerformFinancialClose(INT,VARCHAR,BIT,BIT,BIT,BIT,NVARCHAR,BIT,INT,XML,VARCHAR)","Planning.usp_PerformFinancialClose(INT,VARCHAR,BIT,BIT,BIT,BIT,NVARCHAR,BIT,INT,XML,VARCHAR)",CREATE PROCEDURE,M,Transact,DZ2dAbBcX3Skb4MNB+rC+Q==
6eb54011-ba58-4fdb-84b6-d39159932fda,Medium,SSC-EWI-0030,The statement below has usages of dynamic SQL.,THE STATEMENT BELOW HAS USAGES OF DYNAMIC SQL.,database_unspecified/planning/procedure/usp_performfinancialclose.sql,352,9,N/A,Planning,N/A,"usp_PerformFinancialClose(INT,VARCHAR,BIT,BIT,BIT,BIT,NVARCHAR,BIT,INT,XML,VARCHAR)","Planning.usp_PerformFinancialClose(INT,VARCHAR,BIT,BIT,BIT,BIT,NVARCHAR,BIT,INT,XML,VARCHAR)",CREATE PROCEDURE,M,Transact,DZ2dAbBcX3Skb4MNB+rC+Q==
6eb54011-ba58-4fdb-84b6-d39159932fda,Low,SSC-EWI-0101,Commented out transaction label name because is not applicable in Snowflake,COMMENTED OUT TRANSACTION LABEL NAME BECAUSE IS NOT APPLICABLE IN SNOWFLAKE,database_unspecified/planning/procedure/usp_performfinancialclose.sql,348,9,N/A,Planning,N/A,"usp_PerformFinancialClose(INT,VARCHAR,BIT,BIT,BIT,BIT,NVARCHAR,BIT,INT,XML,VARCHAR)","Planning.usp_PerformFinancialClose(INT,VARCHAR,BIT,BIT,BIT,BIT,NVARCHAR,BIT,INT,XML,VARCHAR)",CREATE PROCEDURE,M,Transact,DZ2dAbBcX3Skb4MNB+rC+Q==
6eb54011-ba58-4fdb-84b6-d39159932fda,None,SSC-FDM-TS0023,Transformed ERROR function functionality could be different in snowflake,ERROR MESSAGE COULD BE DIFFERENT IN SNOWFLAKE,database_unspecified/planning/procedure/usp_performfinancialclose.sql,335,35,N/A,Planning,N/A,"usp_PerformFinancialClose(INT,VARCHAR,BIT,BIT,BIT,BIT,NVARCHAR,BIT,INT,XML,VARCHAR)","Planning.usp_PerformFinancialClose(INT,VARCHAR,BIT,BIT,BIT,BIT,NVARCHAR,BIT,INT,XML,VARCHAR)",CREATE PROCEDURE,M,Transact,DZ2dAbBcX3Skb4MNB+rC+Q==
6eb54011-ba58-4fdb-84b6-d39159932fda,Medium,SSC-EWI-0006,The current format may fail or may have a different behavior in Snowflake.,FORMAT: 'C' MAY FAIL OR MAY HAVE A DIFFERENT BEHAVIOR IN SNOWFLAKE. ,database_unspecified/planning/procedure/usp_performfinancialclose.sql,320,97,N/A,Planning,N/A,"usp_PerformFinancialClose(INT,VARCHAR,BIT,BIT,BIT,BIT,NVARCHAR,BIT,INT,XML,VARCHAR)","Planning.usp_PerformFinancialClose(INT,VARCHAR,BIT,BIT,BIT,BIT,NVARCHAR,BIT,INT,XML,VARCHAR)",CREATE PROCEDURE,M,Transact,DZ2dAbBcX3Skb4MNB+rC+Q==
6eb54011-ba58-4fdb-84b6-d39159932fda,None,SSC-FDM-TS0023,Transformed ERROR function functionality could be different in snowflake,ERROR MESSAGE COULD BE DIFFERENT IN SNOWFLAKE,database_unspecified/planning/procedure/usp_performfinancialclose.sql,281,35,N/A,Planning,N/A,"usp_PerformFinancialClose(INT,VARCHAR,BIT,BIT,BIT,BIT,NVARCHAR,BIT,INT,XML,VARCHAR)","Planning.usp_PerformFinancialClose(INT,VARCHAR,BIT,BIT,BIT,BIT,NVARCHAR,BIT,INT,XML,VARCHAR)",CREATE PROCEDURE,M,Transact,DZ2dAbBcX3Skb4MNB+rC+Q==
6eb54011-ba58-4fdb-84b6-d39159932fda,None,SSC-FDM-TS0023,Transformed ERROR function functionality could be different in snowflake,ERROR MESSAGE COULD BE DIFFERENT IN SNOWFLAKE,database_unspecified/planning/procedure/usp_performfinancialclose.sql,233,39,N/A,Planning,N/A,"usp_PerformFinancialClose(INT,VARCHAR,BIT,BIT,BIT,BIT,NVARCHAR,BIT,INT,XML,VARCHAR)","Planning.usp_PerformFinancialClose(INT,VARCHAR,BIT,BIT,BIT,BIT,NVARCHAR,BIT,INT,XML,VARCHAR)",CREATE PROCEDURE,M,Transact,DZ2dAbBcX3Skb4MNB+rC+Q==
6eb54011-ba58-4fdb-84b6-d39159932fda,None,SSC-FDM-0007,Element with missing dependencies,"MISSING DEPENDENT OBJECT ""#MergeOutput""",database_unspecified/planning/procedure/usp_bulkimportbudgetdata.sql,25,2,N/A,Planning,N/A,"usp_BulkImportBudgetData(VARCHAR,NVARCHAR,NVARCHAR,Planning.BudgetLineItemTableType,NVARCHAR,NVARCHAR,NVARCHAR,INT,VARCHAR,VARCHAR,INT,BIT,INT,XML,INT,INT)","Planning.usp_BulkImportBudgetData(VARCHAR,NVARCHAR,NVARCHAR,Planning.BudgetLineItemTableType,NVARCHAR,NVARCHAR,NVARCHAR,INT,VARCHAR,VARCHAR,INT,BIT,INT,XML,INT,INT)",CREATE PROCEDURE,M,Transact,DZ2dAbBcX3Skb4MNB+rC+Q==
6eb54011-ba58-4fdb-84b6-d39159932fda,Low,SSC-EWI-0036,Data type converted to other data type,XML DATA TYPE CONVERTED TO VARIANT,database_unspecified/planning/procedure/usp_performfinancialclose.sql,71,29,N/A,Planning,N/A,"usp_PerformFinancialClose(INT,VARCHAR,BIT,BIT,BIT,BIT,NVARCHAR,BIT,INT,XML,VARCHAR)","Planning.usp_PerformFinancialClose(INT,VARCHAR,BIT,BIT,BIT,BIT,NVARCHAR,BIT,INT,XML,VARCHAR)",CREATE PROCEDURE,M,Transact,DZ2dAbBcX3Skb4MNB+rC+Q==
6eb54011-ba58-4fdb-84b6-d39159932fda,None,SSC-FDM-TS0016,XML columns in Snowflake might have a different format,XML COLUMNS IN SNOWFLAKE MIGHT HAVE A DIFFERENT FORMAT,database_unspecified/planning/procedure/usp_bulkimportbudgetdata.sql,467,13,N/A,Planning,N/A,"usp_BulkImportBudgetData(VARCHAR,NVARCHAR,NVARCHAR,Planning.BudgetLineItemTableType,NVARCHAR,NVARCHAR,NVARCHAR,INT,VARCHAR,VARCHAR,INT,BIT,INT,XML,INT,INT)","Planning.usp_BulkImportBudgetData(VARCHAR,NVARCHAR,NVARCHAR,Planning.BudgetLineItemTableType,NVARCHAR,NVARCHAR,NVARCHAR,INT,VARCHAR,VARCHAR,INT,BIT,INT,XML,INT,INT)",CREATE PROCEDURE,M,Transact,DZ2dAbBcX3Skb4MNB+rC+Q==
6eb54011-ba58-4fdb-84b6-d39159932fda,Low,SSC-EWI-0040,Clause Not Supported,THE 'SIMPLE SET STATEMENT' CLAUSE IS NOT SUPPORTED IN SNOWFLAKE,database_unspecified/planning/procedure/usp_performfinancialclose.sql,45,5,N/A,Planning,N/A,"usp_PerformFinancialClose(INT,VARCHAR,BIT,BIT,BIT,BIT,NVARCHAR,BIT,INT,XML,VARCHAR)","Planning.usp_PerformFinancialClose(INT,VARCHAR,BIT,BIT,BIT,BIT,NVARCHAR,BIT,INT,XML,VARCHAR)",CREATE PROCEDURE,M,Transact,DZ2dAbBcX3Skb4MNB+rC+Q==
6eb54011-ba58-4fdb-84b6-d39159932fda,None,SSC-FDM-TS0029,"SET NOCOUNT statement is commented out, which is not applicable in Snowflake.","SET NOCOUNT STATEMENT IS COMMENTED OUT, WHICH IS NOT APPLICABLE IN SNOWFLAKE.",database_unspecified/planning/procedure/usp_performfinancialclose.sql,44,5,N/A,Planning,N/A,"usp_PerformFinancialClose(INT,VARCHAR,BIT,BIT,BIT,BIT,NVARCHAR,BIT,INT,XML,VARCHAR)","Planning.usp_PerformFinancialClose(INT,VARCHAR,BIT,BIT,BIT,BIT,NVARCHAR,BIT,INT,XML,VARCHAR)",CREATE PROCEDURE,M,Transact,DZ2dAbBcX3Skb4MNB+rC+Q==
6eb54011-ba58-4fdb-84b6-d39159932fda,None,SSC-FDM-TS0023,Transformed ERROR function functionality could be different in snowflake,ERROR MESSAGE COULD BE DIFFERENT IN SNOWFLAKE,database_unspecified/planning/procedure/usp_bulkimportbudgetdata.sql,457,29,N/A,Planning,N/A,"usp_BulkImportBudgetData(VARCHAR,NVARCHAR,NVARCHAR,Planning.BudgetLineItemTableType,NVARCHAR,NVARCHAR,NVARCHAR,INT,VARCHAR,VARCHAR,INT,BIT,INT,XML,INT,INT)","Planning.usp_BulkImportBudgetData(VARCHAR,NVARCHAR,NVARCHAR,Planning.BudgetLineItemTableType,NVARCHAR,NVARCHAR,NVARCHAR,INT,VARCHAR,VARCHAR,INT,BIT,INT,XML,INT,INT)",CREATE PROCEDURE,M,Transact,DZ2dAbBcX3Skb4MNB+rC+Q==
6eb54011-ba58-4fdb-84b6-d39159932fda,Low,SSC-EWI-0036,Data type converted to other data type,XML DATA TYPE CONVERTED TO VARIANT,database_unspecified/planning/procedure/usp_performfinancialclose.sql,80,32,N/A,Planning,N/A,"usp_PerformFinancialClose(INT,VARCHAR,BIT,BIT,BIT,BIT,NVARCHAR,BIT,INT,XML,VARCHAR)","Planning.usp_PerformFinancialClose(INT,VARCHAR,BIT,BIT,BIT,BIT,NVARCHAR,BIT,INT,XML,VARCHAR)",CREATE PROCEDURE,M,Transact,DZ2dAbBcX3Skb4MNB+rC+Q==
6eb54011-ba58-4fdb-84b6-d39159932fda,None,SSC-FDM-0002,Correlated Subquery May Have Functional Differences.,CORRELATED SUBQUERIES MAY HAVE SOME FUNCTIONAL DIFFERENCES.,database_unspecified/planning/procedure/usp_bulkimportbudgetdata.sql,418,38,N/A,Planning,N/A,"usp_BulkImportBudgetData(VARCHAR,NVARCHAR,NVARCHAR,Planning.BudgetLineItemTableType,NVARCHAR,NVARCHAR,NVARCHAR,INT,VARCHAR,VARCHAR,INT,BIT,INT,XML,INT,INT)","Planning.usp_BulkImportBudgetData(VARCHAR,NVARCHAR,NVARCHAR,Planning.BudgetLineItemTableType,NVARCHAR,NVARCHAR,NVARCHAR,INT,VARCHAR,VARCHAR,INT,BIT,INT,XML,INT,INT)",CREATE PROCEDURE,M,Transact,DZ2dAbBcX3Skb4MNB+rC+Q==
6eb54011-ba58-4fdb-84b6-d39159932fda,None,SSC-FDM-0041,Default parameters were reordered to the end of the parameter list,DEFAULT PARAMETERS WERE REORDERED TO THE END OF THE PARAMETER LIST TO MATCH SNOWFLAKE REQUIREMENTS. CALLERS USING POSITIONAL ARGUMENTS MAY NEED TO BE UPDATED,database_unspecified/planning/procedure/usp_performfinancialclose.sql,31,5,N/A,Planning,N/A,"usp_PerformFinancialClose(INT,VARCHAR,BIT,BIT,BIT,BIT,NVARCHAR,BIT,INT,XML,VARCHAR)","Planning.usp_PerformFinancialClose(INT,VARCHAR,BIT,BIT,BIT,BIT,NVARCHAR,BIT,INT,XML,VARCHAR)",CREATE PROCEDURE,M,Transact,DZ2dAbBcX3Skb4MNB+rC+Q==
6eb54011-ba58-4fdb-84b6-d39159932fda,Medium,SSC-EWI-0021,Syntax not supported in Snowflake,OUTPUT CLAUSE NOT SUPPORTED IN SNOWFLAKE,database_unspecified/planning/procedure/usp_bulkimportbudgetdata.sql,398,17,N/A,Planning,N/A,"usp_BulkImportBudgetData(VARCHAR,NVARCHAR,NVARCHAR,Planning.BudgetLineItemTableType,NVARCHAR,NVARCHAR,NVARCHAR,INT,VARCHAR,VARCHAR,INT,BIT,INT,XML,INT,INT)","Planning.usp_BulkImportBudgetData(VARCHAR,NVARCHAR,NVARCHAR,Planning.BudgetLineItemTableType,NVARCHAR,NVARCHAR,NVARCHAR,INT,VARCHAR,VARCHAR,INT,BIT,INT,XML,INT,INT)",CREATE PROCEDURE,M,Transact,DZ2dAbBcX3Skb4MNB+rC+Q==
6eb54011-ba58-4fdb-84b6-d39159932fda,Medium,SSC-EWI-0021,Syntax not supported in Snowflake,OUTPUT CLAUSE NOT SUPPORTED IN SNOWFLAKE,database_unspecified/planning/procedure/usp_bulkimportbudgetdata.sql,377,17,N/A,Planning,N/A,"usp_BulkImportBudgetData(VARCHAR,NVARCHAR,NVARCHAR,Planning.BudgetLineItemTableType,NVARCHAR,NVARCHAR,NVARCHAR,INT,VARCHAR,VARCHAR,INT,BIT,INT,XML,INT,INT)","Planning.usp_BulkImportBudgetData(VARCHAR,NVARCHAR,NVARCHAR,Planning.BudgetLineItemTableType,NVARCHAR,NVARCHAR,NVARCHAR,INT,VARCHAR,VARCHAR,INT,BIT,INT,XML,INT,INT)",CREATE PROCEDURE,M,Transact,DZ2dAbBcX3Skb4MNB+rC+Q==
6eb54011-ba58-4fdb-84b6-d39159932fda,Medium,SSC-EWI-0030,The statement below has usages of dynamic SQL.,THE STATEMENT BELOW HAS USAGES OF DYNAMIC SQL.,database_unspecified/planning/procedure/usp_bulkimportbudgetdata.sql,190,13,N/A,Planning,N/A,"usp_BulkImportBudgetData(VARCHAR,NVARCHAR,NVARCHAR,Planning.BudgetLineItemTableType,NVARCHAR,NVARCHAR,NVARCHAR,INT,VARCHAR,VARCHAR,INT,BIT,INT,XML,INT,INT)","Planning.usp_BulkImportBudgetData(VARCHAR,NVARCHAR,NVARCHAR,Planning.BudgetLineItemTableType,NVARCHAR,NVARCHAR,NVARCHAR,INT,VARCHAR,VARCHAR,INT,BIT,INT,XML,INT,INT)",CREATE PROCEDURE,M,Transact,DZ2dAbBcX3Skb4MNB+rC+Q==
6eb54011-ba58-4fdb-84b6-d39159932fda,None,SSC-FDM-TS0019,RAISERROR error message may differ because of the SQL Server string format,RAISERROR ERROR MESSAGE MAY DIFFER BECAUSE OF THE SQL SERVER STRING FORMAT,database_unspecified/planning/procedure/usp_bulkimportbudgetdata.sql,178,17,N/A,Planning,N/A,"usp_BulkImportBudgetData(VARCHAR,NVARCHAR,NVARCHAR,Planning.BudgetLineItemTableType,NVARCHAR,NVARCHAR,NVARCHAR,INT,VARCHAR,VARCHAR,INT,BIT,INT,XML,INT,INT)","Planning.usp_BulkImportBudgetData(VARCHAR,NVARCHAR,NVARCHAR,Planning.BudgetLineItemTableType,NVARCHAR,NVARCHAR,NVARCHAR,INT,VARCHAR,VARCHAR,INT,BIT,INT,XML,INT,INT)",CREATE PROCEDURE,M,Transact,DZ2dAbBcX3Skb4MNB+rC+Q==
6eb54011-ba58-4fdb-84b6-d39159932fda,Medium,SSC-EWI-0030,The statement below has usages of dynamic SQL.,THE STATEMENT BELOW HAS USAGES OF DYNAMIC SQL.,database_unspecified/planning/procedure/usp_bulkimportbudgetdata.sql,170,13,N/A,Planning,N/A,"usp_BulkImportBudgetData(VARCHAR,NVARCHAR,NVARCHAR,Planning.BudgetLineItemTableType,NVARCHAR,NVARCHAR,NVARCHAR,INT,VARCHAR,VARCHAR,INT,BIT,INT,XML,INT,INT)","Planning.usp_BulkImportBudgetData(VARCHAR,NVARCHAR,NVARCHAR,Planning.BudgetLineItemTableType,NVARCHAR,NVARCHAR,NVARCHAR,INT,VARCHAR,VARCHAR,INT,BIT,INT,XML,INT,INT)",CREATE PROCEDURE,M,Transact,DZ2dAbBcX3Skb4MNB+rC+Q==
6eb54011-ba58-4fdb-84b6-d39159932fda,None,SSC-FDM-TS0019,RAISERROR error message may differ because of the SQL Server string format,RAISERROR ERROR MESSAGE MAY DIFFER BECAUSE OF THE SQL SERVER STRING FORMAT,database_unspecified/planning/procedure/usp_bulkimportbudgetdata.sql,155,17,N/A,Planning,N/A,"usp_BulkImportBudgetData(VARCHAR,NVARCHAR,NVARCHAR,Planning.BudgetLineItemTableType,NVARCHAR,NVARCHAR,NVARCHAR,INT,VARCHAR,VARCHAR,INT,BIT,INT,XML,INT,INT)","Planning.usp_BulkImportBudgetData(VARCHAR,NVARCHAR,NVARCHAR,Planning.BudgetLineItemTableType,NVARCHAR,NVARCHAR,NVARCHAR,INT,VARCHAR,VARCHAR,INT,BIT,INT,XML,INT,INT)",CREATE PROCEDURE,M,Transact,DZ2dAbBcX3Skb4MNB+rC+Q==
6eb54011-ba58-4fdb-84b6-d39159932fda,Medium,SSC-EWI-0030,The statement below has usages of dynamic SQL.,THE STATEMENT BELOW HAS USAGES OF DYNAMIC SQL.,database_unspecified/planning/procedure/usp_bulkimportbudgetdata.sql,134,13,N/A,Planning,N/A,"usp_BulkImportBudgetData(VARCHAR,NVARCHAR,NVARCHAR,Planning.BudgetLineItemTableType,NVARCHAR,NVARCHAR,NVARCHAR,INT,VARCHAR,VARCHAR,INT,BIT,INT,XML,INT,INT)","Planning.usp_BulkImportBudgetData(VARCHAR,NVARCHAR,NVARCHAR,Planning.BudgetLineItemTableType,NVARCHAR,NVARCHAR,NVARCHAR,INT,VARCHAR,VARCHAR,INT,BIT,INT,XML,INT,INT)",CREATE PROCEDURE,M,Transact,DZ2dAbBcX3Skb4MNB+rC+Q==
6eb54011-ba58-4fdb-84b6-d39159932fda,None,SSC-FDM-TS0019,RAISERROR error message may differ because of the SQL Server string format,RAISERROR ERROR MESSAGE MAY DIFFER BECAUSE OF THE SQL SERVER STRING FORMAT,database_unspecified/planning/procedure/usp_bulkimportbudgetdata.sql,99,17,N/A,Planning,N/A,"usp_BulkImportBudgetData(VARCHAR,NVARCHAR,NVARCHAR,Planning.BudgetLineItemTableType,NVARCHAR,NVARCHAR,NVARCHAR,INT,VARCHAR,VARCHAR,INT,BIT,INT,XML,INT,INT)","Planning.usp_BulkImportBudgetData(VARCHAR,NVARCHAR,NVARCHAR,Planning.BudgetLineItemTableType,NVARCHAR,NVARCHAR,NVARCHAR,INT,VARCHAR,VARCHAR,INT,BIT,INT,XML,INT,INT)",CREATE PROCEDURE,M,Transact,DZ2dAbBcX3Skb4MNB+rC+Q==
6eb54011-ba58-4fdb-84b6-d39159932fda,None,SSC-FDM-0021,Create Index is not supported.,CREATE INDEX IS NOT SUPPORTED BY SNOWFLAKE,database_unspecified/planning/procedure/usp_bulkimportbudgetdata.sql,77,9,N/A,Planning,N/A,"usp_BulkImportBudgetData(VARCHAR,NVARCHAR,NVARCHAR,Planning.BudgetLineItemTableType,NVARCHAR,NVARCHAR,NVARCHAR,INT,VARCHAR,VARCHAR,INT,BIT,INT,XML,INT,INT)","Planning.usp_BulkImportBudgetData(VARCHAR,NVARCHAR,NVARCHAR,Planning.BudgetLineItemTableType,NVARCHAR,NVARCHAR,NVARCHAR,INT,VARCHAR,VARCHAR,INT,BIT,INT,XML,INT,INT)",CREATE PROCEDURE,M,Transact,DZ2dAbBcX3Skb4MNB+rC+Q==
6eb54011-ba58-4fdb-84b6-d39159932fda,Low,SSC-EWI-0040,Clause Not Supported,THE 'SIMPLE SET STATEMENT' CLAUSE IS NOT SUPPORTED IN SNOWFLAKE,database_unspecified/planning/procedure/usp_bulkimportbudgetdata.sql,45,5,N/A,Planning,N/A,"usp_BulkImportBudgetData(VARCHAR,NVARCHAR,NVARCHAR,Planning.BudgetLineItemTableType,NVARCHAR,NVARCHAR,NVARCHAR,INT,VARCHAR,VARCHAR,INT,BIT,INT,XML,INT,INT)","Planning.usp_BulkImportBudgetData(VARCHAR,NVARCHAR,NVARCHAR,Planning.BudgetLineItemTableType,NVARCHAR,NVARCHAR,NVARCHAR,INT,VARCHAR,VARCHAR,INT,BIT,INT,XML,INT,INT)",CREATE PROCEDURE,M,Transact,DZ2dAbBcX3Skb4MNB+rC+Q==
6eb54011-ba58-4fdb-84b6-d39159932fda,None,SSC-FDM-TS0029,"SET NOCOUNT statement is commented out, which is not applicable in Snowflake.","SET NOCOUNT STATEMENT IS COMMENTED OUT, WHICH IS NOT APPLICABLE IN SNOWFLAKE.",database_unspecified/planning/procedure/usp_bulkimportbudgetdata.sql,44,5,N/A,Planning,N/A,"usp_BulkImportBudgetData(VARCHAR,NVARCHAR,NVARCHAR,Planning.BudgetLineItemTableType,NVARCHAR,NVARCHAR,NVARCHAR,INT,VARCHAR,VARCHAR,INT,BIT,INT,XML,INT,INT)","Planning.usp_BulkImportBudgetData(VARCHAR,NVARCHAR,NVARCHAR,Planning.BudgetLineItemTableType,NVARCHAR,NVARCHAR,NVARCHAR,INT,VARCHAR,VARCHAR,INT,BIT,INT,XML,INT,INT)",CREATE PROCEDURE,M,Transact,DZ2dAbBcX3Skb4MNB+rC+Q==
6eb54011-ba58-4fdb-84b6-d39159932fda,None,SSC-FDM-0041,Default parameters were reordered to the end of the parameter list,DEFAULT PARAMETERS WERE REORDERED TO THE END OF THE PARAMETER LIST TO MATCH SNOWFLAKE REQUIREMENTS. CALLERS USING POSITIONAL ARGUMENTS MAY NEED TO BE UPDATED,database_unspecified/planning/procedure/usp_bulkimportbudgetdata.sql,26,5,N/A,Planning,N/A,"usp_BulkImportBudgetData(VARCHAR,NVARCHAR,NVARCHAR,Planning.BudgetLineItemTableType,NVARCHAR,NVARCHAR,NVARCHAR,INT,VARCHAR,VARCHAR,INT,BIT,INT,XML,INT,INT)","Planning.usp_BulkImportBudgetData(VARCHAR,NVARCHAR,NVARCHAR,Planning.BudgetLineItemTableType,NVARCHAR,NVARCHAR,NVARCHAR,INT,VARCHAR,VARCHAR,INT,BIT,INT,XML,INT,INT)",CREATE PROCEDURE,M,Transact,DZ2dAbBcX3Skb4MNB+rC+Q==
6eb54011-ba58-4fdb-84b6-d39159932fda,Medium,SSC-EWI-0058,Functionality is not currently supported by Snowflake Scripting,FUNCTIONALITY FOR 'READONLY PARAMETERS' IS NOT CURRENTLY SUPPORTED BY SNOWFLAKE SCRIPTING,database_unspecified/planning/procedure/usp_bulkimportbudgetdata.sql,29,5,N/A,Planning,N/A,"usp_BulkImportBudgetData(VARCHAR,NVARCHAR,NVARCHAR,Planning.BudgetLineItemTableType,NVARCHAR,NVARCHAR,NVARCHAR,INT,VARCHAR,VARCHAR,INT,BIT,INT,XML,INT,INT)","Planning.usp_BulkImportBudgetData(VARCHAR,NVARCHAR,NVARCHAR,Planning.BudgetLineItemTableType,NVARCHAR,NVARCHAR,NVARCHAR,INT,VARCHAR,VARCHAR,INT,BIT,INT,XML,INT,INT)",CREATE PROCEDURE,M,Transact,DZ2dAbBcX3Skb4MNB+rC+Q==
6eb54011-ba58-4fdb-84b6-d39159932fda,None,SSC-FDM-0007,Element with missing dependencies,"MISSING DEPENDENT OBJECT ""Planning.tvf_ExplodeCostCenterHierarchy""",database_unspecified/planning/procedure/usp_processbudgetconsolidation.sql,26,2,N/A,Planning,N/A,"usp_ProcessBudgetConsolidation(INT,INT,VARCHAR,BIT,BIT,XML,INT,BIT,INT,NVARCHAR)","Planning.usp_ProcessBudgetConsolidation(INT,INT,VARCHAR,BIT,BIT,XML,INT,BIT,INT,NVARCHAR)",CREATE PROCEDURE,M,Transact,DZ2dAbBcX3Skb4MNB+rC+Q==
6eb54011-ba58-4fdb-84b6-d39159932fda,None,SSC-FDM-TS0057,DEALLOCATE is not required in Snowflake Scripting. Cursors are automatically deallocated when they go out of scope.,DEALLOCATE IS NOT REQUIRED IN SNOWFLAKE SCRIPTING. CURSORS ARE AUTOMATICALLY DEALLOCATED WHEN THEY GO OUT OF SCOPE.,database_unspecified/planning/procedure/usp_processbudgetconsolidation.sql,496,13,N/A,Planning,N/A,"usp_ProcessBudgetConsolidation(INT,INT,VARCHAR,BIT,BIT,XML,INT,BIT,INT,NVARCHAR)","Planning.usp_ProcessBudgetConsolidation(INT,INT,VARCHAR,BIT,BIT,XML,INT,BIT,INT,NVARCHAR)",CREATE PROCEDURE,M,Transact,DZ2dAbBcX3Skb4MNB+rC+Q==
6eb54011-ba58-4fdb-84b6-d39159932fda,Medium,SSC-EWI-0073,Pending Functional Equivalence Review,PENDING FUNCTIONAL EQUIVALENCE REVIEW FOR 'CURSOR_STATUS' NODE,database_unspecified/planning/procedure/usp_processbudgetconsolidation.sql,493,12,N/A,Planning,N/A,"usp_ProcessBudgetConsolidation(INT,INT,VARCHAR,BIT,BIT,XML,INT,BIT,INT,NVARCHAR)","Planning.usp_ProcessBudgetConsolidation(INT,INT,VARCHAR,BIT,BIT,XML,INT,BIT,INT,NVARCHAR)",CREATE PROCEDURE,M,Transact,DZ2dAbBcX3Skb4MNB+rC+Q==
6eb54011-ba58-4fdb-84b6-d39159932fda,None,SSC-FDM-TS0057,DEALLOCATE is not required in Snowflake Scripting. Cursors are automatically deallocated when they go out of scope.,DEALLOCATE IS NOT REQUIRED IN SNOWFLAKE SCRIPTING. CURSORS ARE AUTOMATICALLY DEALLOCATED WHEN THEY GO OUT OF SCOPE.,database_unspecified/planning/procedure/usp_processbudgetconsolidation.sql,490,13,N/A,Planning,N/A,"usp_ProcessBudgetConsolidation(INT,INT,VARCHAR,BIT,BIT,XML,INT,BIT,INT,NVARCHAR)","Planning.usp_ProcessBudgetConsolidation(INT,INT,VARCHAR,BIT,BIT,XML,INT,BIT,INT,NVARCHAR)",CREATE PROCEDURE,M,Transact,DZ2dAbBcX3Skb4MNB+rC+Q==
6eb54011-ba58-4fdb-84b6-d39159932fda,Medium,SSC-EWI-0073,Pending Functional Equivalence Review,PENDING FUNCTIONAL EQUIVALENCE REVIEW FOR 'CURSOR_STATUS' NODE,database_unspecified/planning/procedure/usp_processbudgetconsolidation.sql,487,12,N/A,Planning,N/A,"usp_ProcessBudgetConsolidation(INT,INT,VARCHAR,BIT,BIT,XML,INT,BIT,INT,NVARCHAR)","Planning.usp_ProcessBudgetConsolidation(INT,INT,VARCHAR,BIT,BIT,XML,INT,BIT,INT,NVARCHAR)",CREATE PROCEDURE,M,Transact,DZ2dAbBcX3Skb4MNB+rC+Q==
6eb54011-ba58-4fdb-84b6-d39159932fda,Medium,SSC-EWI-0073,Pending Functional Equivalence Review,PENDING FUNCTIONAL EQUIVALENCE REVIEW FOR 'RollbackName' NODE,database_unspecified/planning/procedure/usp_processbudgetconsolidation.sql,482,38,N/A,Planning,N/A,"usp_ProcessBudgetConsolidation(INT,INT,VARCHAR,BIT,BIT,XML,INT,BIT,INT,NVARCHAR)","Planning.usp_ProcessBudgetConsolidation(INT,INT,VARCHAR,BIT,BIT,XML,INT,BIT,INT,NVARCHAR)",CREATE PROCEDURE,M,Transact,DZ2dAbBcX3Skb4MNB+rC+Q==
6eb54011-ba58-4fdb-84b6-d39159932fda,Medium,SSC-EWI-0073,Pending Functional Equivalence Review,PENDING FUNCTIONAL EQUIVALENCE REVIEW FOR 'RollbackName' NODE,database_unspecified/planning/procedure/usp_processbudgetconsolidation.sql,478,38,N/A,Planning,N/A,"usp_ProcessBudgetConsolidation(INT,INT,VARCHAR,BIT,BIT,XML,INT,BIT,INT,NVARCHAR)","Planning.usp_ProcessBudgetConsolidation(INT,INT,VARCHAR,BIT,BIT,XML,INT,BIT,INT,NVARCHAR)",CREATE PROCEDURE,M,Transact,DZ2dAbBcX3Skb4MNB+rC+Q==
6eb54011-ba58-4fdb-84b6-d39159932fda,None,SSC-FDM-TS0023,Transformed ERROR function functionality could be different in snowflake,ERROR MESSAGE COULD BE DIFFERENT IN SNOWFLAKE,database_unspecified/planning/procedure/usp_processbudgetconsolidation.sql,470,29,N/A,Planning,N/A,"usp_ProcessBudgetConsolidation(INT,INT,VARCHAR,BIT,BIT,XML,INT,BIT,INT,NVARCHAR)","Planning.usp_ProcessBudgetConsolidation(INT,INT,VARCHAR,BIT,BIT,XML,INT,BIT,INT,NVARCHAR)",CREATE PROCEDURE,M,Transact,DZ2dAbBcX3Skb4MNB+rC+Q==
6eb54011-ba58-4fdb-84b6-d39159932fda,Medium,SSC-EWI-0021,Syntax not supported in Snowflake,FOR CLAUSE NOT SUPPORTED IN SNOWFLAKE,database_unspecified/planning/procedure/usp_generaterollingforecast.sql,430,13,N/A,Planning,N/A,"usp_GenerateRollingForecast(INT,INT,INT,VARCHAR,NVARCHAR,DECIMAL,DECIMAL,VARCHAR,INT,NVARCHAR)","Planning.usp_GenerateRollingForecast(INT,INT,INT,VARCHAR,NVARCHAR,DECIMAL,DECIMAL,VARCHAR,INT,NVARCHAR)",CREATE PROCEDURE,M,Transact,DZ2dAbBcX3Skb4MNB+rC+Q==
6eb54011-ba58-4fdb-84b6-d39159932fda,None,SSC-FDM-TS0023,Transformed ERROR function functionality could be different in snowflake,ERROR NUMBER COULD BE DIFFERENT IN SNOWFLAKE,database_unspecified/planning/procedure/usp_processbudgetconsolidation.sql,469,27,N/A,Planning,N/A,"usp_ProcessBudgetConsolidation(INT,INT,VARCHAR,BIT,BIT,XML,INT,BIT,INT,NVARCHAR)","Planning.usp_ProcessBudgetConsolidation(INT,INT,VARCHAR,BIT,BIT,XML,INT,BIT,INT,NVARCHAR)",CREATE PROCEDURE,M,Transact,DZ2dAbBcX3Skb4MNB+rC+Q==
6eb54011-ba58-4fdb-84b6-d39159932fda,Low,SSC-EWI-0040,Clause Not Supported,THE 'ERROR_LINE FUNCTION' CLAUSE IS NOT SUPPORTED IN SNOWFLAKE,database_unspecified/planning/procedure/usp_generaterollingforecast.sql,429,17,N/A,Planning,N/A,"usp_GenerateRollingForecast(INT,INT,INT,VARCHAR,NVARCHAR,DECIMAL,DECIMAL,VARCHAR,INT,NVARCHAR)","Planning.usp_GenerateRollingForecast(INT,INT,INT,VARCHAR,NVARCHAR,DECIMAL,DECIMAL,VARCHAR,INT,NVARCHAR)",CREATE PROCEDURE,M,Transact,DZ2dAbBcX3Skb4MNB+rC+Q==
6eb54011-ba58-4fdb-84b6-d39159932fda,None,SSC-FDM-TS0023,Transformed ERROR function functionality could be different in snowflake,ERROR MESSAGE COULD BE DIFFERENT IN SNOWFLAKE,database_unspecified/planning/procedure/usp_generaterollingforecast.sql,428,17,N/A,Planning,N/A,"usp_GenerateRollingForecast(INT,INT,INT,VARCHAR,NVARCHAR,DECIMAL,DECIMAL,VARCHAR,INT,NVARCHAR)","Planning.usp_GenerateRollingForecast(INT,INT,INT,VARCHAR,NVARCHAR,DECIMAL,DECIMAL,VARCHAR,INT,NVARCHAR)",CREATE PROCEDURE,M,Transact,DZ2dAbBcX3Skb4MNB+rC+Q==
6eb54011-ba58-4fdb-84b6-d39159932fda,None,SSC-FDM-TS0023,Transformed ERROR function functionality could be different in snowflake,ERROR NUMBER COULD BE DIFFERENT IN SNOWFLAKE,database_unspecified/planning/procedure/usp_generaterollingforecast.sql,427,17,N/A,Planning,N/A,"usp_GenerateRollingForecast(INT,INT,INT,VARCHAR,NVARCHAR,DECIMAL,DECIMAL,VARCHAR,INT,NVARCHAR)","Planning.usp_GenerateRollingForecast(INT,INT,INT,VARCHAR,NVARCHAR,DECIMAL,DECIMAL,VARCHAR,INT,NVARCHAR)",CREATE PROCEDURE,M,Transact,DZ2dAbBcX3Skb4MNB+rC+Q==
6eb54011-ba58-4fdb-84b6-d39159932fda,None,SSC-FDM-0007,Element with missing dependencies,"MISSING DEPENDENT OBJECT ""OPENXML""",database_unspecified/planning/procedure/usp_reconcileintercompanybalances.sql,25,2,N/A,Planning,N/A,"usp_ReconcileIntercompanyBalances(INT,DATE,XML,DECIMAL,DECIMAL,BIT,XML,INT,DECIMAL)","Planning.usp_ReconcileIntercompanyBalances(INT,DATE,XML,DECIMAL,DECIMAL,BIT,XML,INT,DECIMAL)",CREATE PROCEDURE,M,Transact,DZ2dAbBcX3Skb4MNB+rC+Q==
6eb54011-ba58-4fdb-84b6-d39159932fda,Medium,SSC-EWI-0021,Syntax not supported in Snowflake,FOR CLAUSE NOT SUPPORTED IN SNOWFLAKE,database_unspecified/planning/procedure/usp_generaterollingforecast.sql,419,13,N/A,Planning,N/A,"usp_GenerateRollingForecast(INT,INT,INT,VARCHAR,NVARCHAR,DECIMAL,DECIMAL,VARCHAR,INT,NVARCHAR)","Planning.usp_GenerateRollingForecast(INT,INT,INT,VARCHAR,NVARCHAR,DECIMAL,DECIMAL,VARCHAR,INT,NVARCHAR)",CREATE PROCEDURE,M,Transact,DZ2dAbBcX3Skb4MNB+rC+Q==
6eb54011-ba58-4fdb-84b6-d39159932fda,Medium,SSC-EWI-0021,Syntax not supported in Snowflake,OUTPUT CLAUSE NOT SUPPORTED IN SNOWFLAKE,database_unspecified/planning/procedure/usp_processbudgetconsolidation.sql,422,9,N/A,Planning,N/A,"usp_ProcessBudgetConsolidation(INT,INT,VARCHAR,BIT,BIT,XML,INT,BIT,INT,NVARCHAR)","Planning.usp_ProcessBudgetConsolidation(INT,INT,VARCHAR,BIT,BIT,XML,INT,BIT,INT,NVARCHAR)",CREATE PROCEDURE,M,Transact,DZ2dAbBcX3Skb4MNB+rC+Q==
6eb54011-ba58-4fdb-84b6-d39159932fda,None,SSC-FDM-TS0016,XML columns in Snowflake might have a different format,XML COLUMNS IN SNOWFLAKE MIGHT HAVE A DIFFERENT FORMAT,database_unspecified/planning/procedure/usp_reconcileintercompanybalances.sql,357,17,N/A,Planning,N/A,"usp_ReconcileIntercompanyBalances(INT,DATE,XML,DECIMAL,DECIMAL,BIT,XML,INT,DECIMAL)","Planning.usp_ReconcileIntercompanyBalances(INT,DATE,XML,DECIMAL,DECIMAL,BIT,XML,INT,DECIMAL)",CREATE PROCEDURE,M,Transact,DZ2dAbBcX3Skb4MNB+rC+Q==
6eb54011-ba58-4fdb-84b6-d39159932fda,None,SSC-FDM-TS0023,Transformed ERROR function functionality could be different in snowflake,ERROR PROCEDURE NAME COULD BE DIFFERENT IN SNOWFLAKE,database_unspecified/planning/procedure/usp_reconcileintercompanybalances.sql,361,17,N/A,Planning,N/A,"usp_ReconcileIntercompanyBalances(INT,DATE,XML,DECIMAL,DECIMAL,BIT,XML,INT,DECIMAL)","Planning.usp_ReconcileIntercompanyBalances(INT,DATE,XML,DECIMAL,DECIMAL,BIT,XML,INT,DECIMAL)",CREATE PROCEDURE,M,Transact,DZ2dAbBcX3Skb4MNB+rC+Q==
6eb54011-ba58-4fdb-84b6-d39159932fda,Low,SSC-EWI-0040,Clause Not Supported,THE 'ERROR_LINE FUNCTION' CLAUSE IS NOT SUPPORTED IN SNOWFLAKE,database_unspecified/planning/procedure/usp_reconcileintercompanybalances.sql,360,17,N/A,Planning,N/A,"usp_ReconcileIntercompanyBalances(INT,DATE,XML,DECIMAL,DECIMAL,BIT,XML,INT,DECIMAL)","Planning.usp_ReconcileIntercompanyBalances(INT,DATE,XML,DECIMAL,DECIMAL,BIT,XML,INT,DECIMAL)",CREATE PROCEDURE,M,Transact,DZ2dAbBcX3Skb4MNB+rC+Q==
6eb54011-ba58-4fdb-84b6-d39159932fda,Medium,SSC-EWI-0030,The statement below has usages of dynamic SQL.,THE STATEMENT BELOW HAS USAGES OF DYNAMIC SQL.,database_unspecified/planning/procedure/usp_processbudgetconsolidation.sql,398,13,N/A,Planning,N/A,"usp_ProcessBudgetConsolidation(INT,INT,VARCHAR,BIT,BIT,XML,INT,BIT,INT,NVARCHAR)","Planning.usp_ProcessBudgetConsolidation(INT,INT,VARCHAR,BIT,BIT,XML,INT,BIT,INT,NVARCHAR)",CREATE PROCEDURE,M,Transact,DZ2dAbBcX3Skb4MNB+rC+Q==
6eb54011-ba58-4fdb-84b6-d39159932fda,None,SSC-FDM-TS0023,Transformed ERROR function functionality could be different in snowflake,ERROR NUMBER COULD BE DIFFERENT IN SNOWFLAKE,database_unspecified/planning/procedure/usp_reconcileintercompanybalances.sql,358,17,N/A,Planning,N/A,"usp_ReconcileIntercompanyBalances(INT,DATE,XML,DECIMAL,DECIMAL,BIT,XML,INT,DECIMAL)","Planning.usp_ReconcileIntercompanyBalances(INT,DATE,XML,DECIMAL,DECIMAL,BIT,XML,INT,DECIMAL)",CREATE PROCEDURE,M,Transact,DZ2dAbBcX3Skb4MNB+rC+Q==
6eb54011-ba58-4fdb-84b6-d39159932fda,None,SSC-FDM-TS0023,Transformed ERROR function functionality could be different in snowflake,ERROR MESSAGE COULD BE DIFFERENT IN SNOWFLAKE,database_unspecified/planning/procedure/usp_reconcileintercompanybalances.sql,352,25,N/A,Planning,N/A,"usp_ReconcileIntercompanyBalances(INT,DATE,XML,DECIMAL,DECIMAL,BIT,XML,INT,DECIMAL)","Planning.usp_ReconcileIntercompanyBalances(INT,DATE,XML,DECIMAL,DECIMAL,BIT,XML,INT,DECIMAL)",CREATE PROCEDURE,M,Transact,DZ2dAbBcX3Skb4MNB+rC+Q==
6eb54011-ba58-4fdb-84b6-d39159932fda,Medium,SSC-EWI-0030,The statement below has usages of dynamic SQL.,THE STATEMENT BELOW HAS USAGES OF DYNAMIC SQL.,database_unspecified/planning/procedure/usp_generaterollingforecast.sql,387,13,N/A,Planning,N/A,"usp_GenerateRollingForecast(INT,INT,INT,VARCHAR,NVARCHAR,DECIMAL,DECIMAL,VARCHAR,INT,NVARCHAR)","Planning.usp_GenerateRollingForecast(INT,INT,INT,VARCHAR,NVARCHAR,DECIMAL,DECIMAL,VARCHAR,INT,NVARCHAR)",CREATE PROCEDURE,M,Transact,DZ2dAbBcX3Skb4MNB+rC+Q==
6eb54011-ba58-4fdb-84b6-d39159932fda,None,SSC-FDM-TS0016,XML columns in Snowflake might have a different format,XML COLUMNS IN SNOWFLAKE MIGHT HAVE A DIFFERENT FORMAT,database_unspecified/planning/procedure/usp_reconcileintercompanybalances.sql,272,17,N/A,Planning,N/A,"usp_ReconcileIntercompanyBalances(INT,DATE,XML,DECIMAL,DECIMAL,BIT,XML,INT,DECIMAL)","Planning.usp_ReconcileIntercompanyBalances(INT,DATE,XML,DECIMAL,DECIMAL,BIT,XML,INT,DECIMAL)",CREATE PROCEDURE,M,Transact,DZ2dAbBcX3Skb4MNB+rC+Q==
6eb54011-ba58-4fdb-84b6-d39159932fda,None,SSC-FDM-TS0057,DEALLOCATE is not required in Snowflake Scripting. Cursors are automatically deallocated when they go out of scope.,DEALLOCATE IS NOT REQUIRED IN SNOWFLAKE SCRIPTING. CURSORS ARE AUTOMATICALLY DEALLOCATED WHEN THEY GO OUT OF SCOPE.,database_unspecified/planning/procedure/usp_processbudgetconsolidation.sql,344,13,N/A,Planning,N/A,"usp_ProcessBudgetConsolidation(INT,INT,VARCHAR,BIT,BIT,XML,INT,BIT,INT,NVARCHAR)","Planning.usp_ProcessBudgetConsolidation(INT,INT,VARCHAR,BIT,BIT,XML,INT,BIT,INT,NVARCHAR)",CREATE PROCEDURE,M,Transact,DZ2dAbBcX3Skb4MNB+rC+Q==
6eb54011-ba58-4fdb-84b6-d39159932fda,None,SSC-PRF-0003,"Fetch inside a loop is considered a complex pattern, this could degrade Snowflake performance.","FETCH INSIDE A LOOP IS CONSIDERED A COMPLEX PATTERN, THIS COULD DEGRADE SNOWFLAKE PERFORMANCE.",database_unspecified/planning/procedure/usp_processbudgetconsolidation.sql,339,17,N/A,Planning,N/A,"usp_ProcessBudgetConsolidation(INT,INT,VARCHAR,BIT,BIT,XML,INT,BIT,INT,NVARCHAR)","Planning.usp_ProcessBudgetConsolidation(INT,INT,VARCHAR,BIT,BIT,XML,INT,BIT,INT,NVARCHAR)",CREATE PROCEDURE,M,Transact,DZ2dAbBcX3Skb4MNB+rC+Q==
6eb54011-ba58-4fdb-84b6-d39159932fda,None,SSC-PRF-0003,"Fetch inside a loop is considered a complex pattern, this could degrade Snowflake performance.","FETCH INSIDE A LOOP IS CONSIDERED A COMPLEX PATTERN, THIS COULD DEGRADE SNOWFLAKE PERFORMANCE.",database_unspecified/planning/procedure/usp_processbudgetconsolidation.sql,335,25,N/A,Planning,N/A,"usp_ProcessBudgetConsolidation(INT,INT,VARCHAR,BIT,BIT,XML,INT,BIT,INT,NVARCHAR)","Planning.usp_ProcessBudgetConsolidation(INT,INT,VARCHAR,BIT,BIT,XML,INT,BIT,INT,NVARCHAR)",CREATE PROCEDURE,M,Transact,DZ2dAbBcX3Skb4MNB+rC+Q==
6eb54011-ba58-4fdb-84b6-d39159932fda,None,SSC-FDM-0002,Correlated Subquery May Have Functional Differences.,CORRELATED SUBQUERIES MAY HAVE SOME FUNCTIONAL DIFFERENCES.,database_unspecified/planning/procedure/usp_reconcileintercompanybalances.sql,257,17,N/A,Planning,N/A,"usp_ReconcileIntercompanyBalances(INT,DATE,XML,DECIMAL,DECIMAL,BIT,XML,INT,DECIMAL)","Planning.usp_ReconcileIntercompanyBalances(INT,DATE,XML,DECIMAL,DECIMAL,BIT,XML,INT,DECIMAL)",CREATE PROCEDURE,M,Transact,DZ2dAbBcX3Skb4MNB+rC+Q==
6eb54011-ba58-4fdb-84b6-d39159932fda,Medium,SSC-EWI-TS0037,Snowflake Scripting only supports forward_only cursors,"SNOWFLAKE SCRIPTING CURSORS ARE NON-SCROLLABLE, ONLY FETCH NEXT IS SUPPORTED",database_unspecified/planning/procedure/usp_processbudgetconsolidation.sql,335,25,N/A,Planning,N/A,"usp_ProcessBudgetConsolidation(INT,INT,VARCHAR,BIT,BIT,XML,INT,BIT,INT,NVARCHAR)","Planning.usp_ProcessBudgetConsolidation(INT,INT,VARCHAR,BIT,BIT,XML,INT,BIT,INT,NVARCHAR)",CREATE PROCEDURE,M,Transact,DZ2dAbBcX3Skb4MNB+rC+Q==
6eb54011-ba58-4fdb-84b6-d39159932fda,High,SSC-EWI-TS0095,SCOPE_IDENTITY() called without a preceding INSERT to an identity table in the same scope,SNOWCONVERT AI WAS UNABLE TO DETERMINE THE TARGET TABLE FOR SCOPE_IDENTITY(). NO PRECEDING INSERT TO AN IDENTITY TABLE FOUND IN THE SAME SCOPE.,database_unspecified/planning/procedure/usp_generaterollingforecast.sql,322,37,N/A,Planning,N/A,"usp_GenerateRollingForecast(INT,INT,INT,VARCHAR,NVARCHAR,DECIMAL,DECIMAL,VARCHAR,INT,NVARCHAR)","Planning.usp_GenerateRollingForecast(INT,INT,INT,VARCHAR,NVARCHAR,DECIMAL,DECIMAL,VARCHAR,INT,NVARCHAR)",CREATE PROCEDURE,M,Transact,DZ2dAbBcX3Skb4MNB+rC+Q==
6eb54011-ba58-4fdb-84b6-d39159932fda,None,SSC-FDM-0002,Correlated Subquery May Have Functional Differences.,CORRELATED SUBQUERIES MAY HAVE SOME FUNCTIONAL DIFFERENCES.,database_unspecified/planning/procedure/usp_reconcileintercompanybalances.sql,240,17,N/A,Planning,N/A,"usp_ReconcileIntercompanyBalances(INT,DATE,XML,DECIMAL,DECIMAL,BIT,XML,INT,DECIMAL)","Planning.usp_ReconcileIntercompanyBalances(INT,DATE,XML,DECIMAL,DECIMAL,BIT,XML,INT,DECIMAL)",CREATE PROCEDURE,M,Transact,DZ2dAbBcX3Skb4MNB+rC+Q==
6eb54011-ba58-4fdb-84b6-d39159932fda,None,SSC-PRF-0003,"Fetch inside a loop is considered a complex pattern, this could degrade Snowflake performance.","FETCH INSIDE A LOOP IS CONSIDERED A COMPLEX PATTERN, THIS COULD DEGRADE SNOWFLAKE PERFORMANCE.",database_unspecified/planning/procedure/usp_processbudgetconsolidation.sql,317,21,N/A,Planning,N/A,"usp_ProcessBudgetConsolidation(INT,INT,VARCHAR,BIT,BIT,XML,INT,BIT,INT,NVARCHAR)","Planning.usp_ProcessBudgetConsolidation(INT,INT,VARCHAR,BIT,BIT,XML,INT,BIT,INT,NVARCHAR)",CREATE PROCEDURE,M,Transact,DZ2dAbBcX3Skb4MNB+rC+Q==
6eb54011-ba58-4fdb-84b6-d39159932fda,Medium,SSC-EWI-TS0037,Snowflake Scripting only supports forward_only cursors,"SNOWFLAKE SCRIPTING CURSORS ARE NON-SCROLLABLE, ONLY FETCH NEXT IS SUPPORTED",database_unspecified/planning/procedure/usp_processbudgetconsolidation.sql,317,21,N/A,Planning,N/A,"usp_ProcessBudgetConsolidation(INT,INT,VARCHAR,BIT,BIT,XML,INT,BIT,INT,NVARCHAR)","Planning.usp_ProcessBudgetConsolidation(INT,INT,VARCHAR,BIT,BIT,XML,INT,BIT,INT,NVARCHAR)",CREATE PROCEDURE,M,Transact,DZ2dAbBcX3Skb4MNB+rC+Q==
6eb54011-ba58-4fdb-84b6-d39159932fda,Low,SSC-EWI-TS0106,CREATING TRANSACTION SAVEPOINTS IS NOT SUPPORTED IN SNOWFLAKE,CREATING TRANSACTION SAVEPOINTS IS NOT SUPPORTED IN SNOWFLAKE,database_unspecified/planning/procedure/usp_processbudgetconsolidation.sql,300,13,N/A,Planning,N/A,"usp_ProcessBudgetConsolidation(INT,INT,VARCHAR,BIT,BIT,XML,INT,BIT,INT,NVARCHAR)","Planning.usp_ProcessBudgetConsolidation(INT,INT,VARCHAR,BIT,BIT,XML,INT,BIT,INT,NVARCHAR)",CREATE PROCEDURE,M,Transact,DZ2dAbBcX3Skb4MNB+rC+Q==
6eb54011-ba58-4fdb-84b6-d39159932fda,None,SSC-FDM-0002,Correlated Subquery May Have Functional Differences.,CORRELATED SUBQUERIES MAY HAVE SOME FUNCTIONAL DIFFERENCES.,database_unspecified/planning/procedure/usp_generaterollingforecast.sql,297,13,N/A,Planning,N/A,"usp_GenerateRollingForecast(INT,INT,INT,VARCHAR,NVARCHAR,DECIMAL,DECIMAL,VARCHAR,INT,NVARCHAR)","Planning.usp_GenerateRollingForecast(INT,INT,INT,VARCHAR,NVARCHAR,DECIMAL,DECIMAL,VARCHAR,INT,NVARCHAR)",CREATE PROCEDURE,M,Transact,DZ2dAbBcX3Skb4MNB+rC+Q==
6eb54011-ba58-4fdb-84b6-d39159932fda,None,SSC-FDM-TS0057,DEALLOCATE is not required in Snowflake Scripting. Cursors are automatically deallocated when they go out of scope.,DEALLOCATE IS NOT REQUIRED IN SNOWFLAKE SCRIPTING. CURSORS ARE AUTOMATICALLY DEALLOCATED WHEN THEY GO OUT OF SCOPE.,database_unspecified/planning/procedure/usp_processbudgetconsolidation.sql,285,9,N/A,Planning,N/A,"usp_ProcessBudgetConsolidation(INT,INT,VARCHAR,BIT,BIT,XML,INT,BIT,INT,NVARCHAR)","Planning.usp_ProcessBudgetConsolidation(INT,INT,VARCHAR,BIT,BIT,XML,INT,BIT,INT,NVARCHAR)",CREATE PROCEDURE,M,Transact,DZ2dAbBcX3Skb4MNB+rC+Q==
6eb54011-ba58-4fdb-84b6-d39159932fda,Medium,SSC-EWI-0006,The current format may fail or may have a different behavior in Snowflake.,FORMAT: 'N2' MAY FAIL OR MAY HAVE A DIFFERENT BEHAVIOR IN SNOWFLAKE. ,database_unspecified/planning/procedure/usp_reconcileintercompanybalances.sql,196,30,N/A,Planning,N/A,"usp_ReconcileIntercompanyBalances(INT,DATE,XML,DECIMAL,DECIMAL,BIT,XML,INT,DECIMAL)","Planning.usp_ReconcileIntercompanyBalances(INT,DATE,XML,DECIMAL,DECIMAL,BIT,XML,INT,DECIMAL)",CREATE PROCEDURE,M,Transact,DZ2dAbBcX3Skb4MNB+rC+Q==
6eb54011-ba58-4fdb-84b6-d39159932fda,None,SSC-PRF-0003,"Fetch inside a loop is considered a complex pattern, this could degrade Snowflake performance.","FETCH INSIDE A LOOP IS CONSIDERED A COMPLEX PATTERN, THIS COULD DEGRADE SNOWFLAKE PERFORMANCE.",database_unspecified/planning/procedure/usp_processbudgetconsolidation.sql,281,13,N/A,Planning,N/A,"usp_ProcessBudgetConsolidation(INT,INT,VARCHAR,BIT,BIT,XML,INT,BIT,INT,NVARCHAR)","Planning.usp_ProcessBudgetConsolidation(INT,INT,VARCHAR,BIT,BIT,XML,INT,BIT,INT,NVARCHAR)",CREATE PROCEDURE,M,Transact,DZ2dAbBcX3Skb4MNB+rC+Q==
6eb54011-ba58-4fdb-84b6-d39159932fda,Medium,SSC-EWI-0006,The current format may fail or may have a different behavior in Snowflake.,FORMAT: 'N2' MAY FAIL OR MAY HAVE A DIFFERENT BEHAVIOR IN SNOWFLAKE. ,database_unspecified/planning/procedure/usp_reconcileintercompanybalances.sql,195,32,N/A,Planning,N/A,"usp_ReconcileIntercompanyBalances(INT,DATE,XML,DECIMAL,DECIMAL,BIT,XML,INT,DECIMAL)","Planning.usp_ReconcileIntercompanyBalances(INT,DATE,XML,DECIMAL,DECIMAL,BIT,XML,INT,DECIMAL)",CREATE PROCEDURE,M,Transact,DZ2dAbBcX3Skb4MNB+rC+Q==
6eb54011-ba58-4fdb-84b6-d39159932fda,Medium,SSC-EWI-0006,The current format may fail or may have a different behavior in Snowflake.,FORMAT: 'N2' MAY FAIL OR MAY HAVE A DIFFERENT BEHAVIOR IN SNOWFLAKE. ,database_unspecified/planning/procedure/usp_reconcileintercompanybalances.sql,194,29,N/A,Planning,N/A,"usp_ReconcileIntercompanyBalances(INT,DATE,XML,DECIMAL,DECIMAL,BIT,XML,INT,DECIMAL)","Planning.usp_ReconcileIntercompanyBalances(INT,DATE,XML,DECIMAL,DECIMAL,BIT,XML,INT,DECIMAL)",CREATE PROCEDURE,M,Transact,DZ2dAbBcX3Skb4MNB+rC+Q==
6eb54011-ba58-4fdb-84b6-d39159932fda,Critical,SSC-EWI-TS0082,CROSS APPLY has been converted to LEFT OUTER JOIN and requires manual validation.,CROSS APPLY HAS BEEN CONVERTED TO LEFT OUTER JOIN AND REQUIRES MANUAL VALIDATION.,database_unspecified/planning/procedure/usp_reconcileintercompanybalances.sql,158,9,N/A,Planning,N/A,"usp_ReconcileIntercompanyBalances(INT,DATE,XML,DECIMAL,DECIMAL,BIT,XML,INT,DECIMAL)","Planning.usp_ReconcileIntercompanyBalances(INT,DATE,XML,DECIMAL,DECIMAL,BIT,XML,INT,DECIMAL)",CREATE PROCEDURE,M,Transact,DZ2dAbBcX3Skb4MNB+rC+Q==
6eb54011-ba58-4fdb-84b6-d39159932fda,Low,SSC-EWI-TS0106,CREATING TRANSACTION SAVEPOINTS IS NOT SUPPORTED IN SNOWFLAKE,CREATING TRANSACTION SAVEPOINTS IS NOT SUPPORTED IN SNOWFLAKE,database_unspecified/planning/procedure/usp_processbudgetconsolidation.sql,200,9,N/A,Planning,N/A,"usp_ProcessBudgetConsolidation(INT,INT,VARCHAR,BIT,BIT,XML,INT,BIT,INT,NVARCHAR)","Planning.usp_ProcessBudgetConsolidation(INT,INT,VARCHAR,BIT,BIT,XML,INT,BIT,INT,NVARCHAR)",CREATE PROCEDURE,M,Transact,DZ2dAbBcX3Skb4MNB+rC+Q==
6eb54011-ba58-4fdb-84b6-d39159932fda,Critical,SSC-EWI-TS0082,CROSS APPLY has been converted to LEFT OUTER JOIN and requires manual validation.,CROSS APPLY HAS BEEN CONVERTED TO LEFT OUTER JOIN AND REQUIRES MANUAL VALIDATION.,database_unspecified/planning/procedure/usp_reconcileintercompanybalances.sql,149,9,N/A,Planning,N/A,"usp_ReconcileIntercompanyBalances(INT,DATE,XML,DECIMAL,DECIMAL,BIT,XML,INT,DECIMAL)","Planning.usp_ReconcileIntercompanyBalances(INT,DATE,XML,DECIMAL,DECIMAL,BIT,XML,INT,DECIMAL)",CREATE PROCEDURE,M,Transact,DZ2dAbBcX3Skb4MNB+rC+Q==
6eb54011-ba58-4fdb-84b6-d39159932fda,Low,SSC-EWI-0036,Data type converted to other data type,XML DATA TYPE CONVERTED TO VARIANT,database_unspecified/planning/procedure/usp_processbudgetconsolidation.sql,185,34,N/A,Planning,N/A,"usp_ProcessBudgetConsolidation(INT,INT,VARCHAR,BIT,BIT,XML,INT,BIT,INT,NVARCHAR)","Planning.usp_ProcessBudgetConsolidation(INT,INT,VARCHAR,BIT,BIT,XML,INT,BIT,INT,NVARCHAR)",CREATE PROCEDURE,M,Transact,DZ2dAbBcX3Skb4MNB+rC+Q==
6eb54011-ba58-4fdb-84b6-d39159932fda,Medium,SSC-EWI-0021,Syntax not supported in Snowflake,OUTPUT CLAUSE NOT SUPPORTED IN SNOWFLAKE,database_unspecified/planning/procedure/usp_processbudgetconsolidation.sql,166,13,N/A,Planning,N/A,"usp_ProcessBudgetConsolidation(INT,INT,VARCHAR,BIT,BIT,XML,INT,BIT,INT,NVARCHAR)","Planning.usp_ProcessBudgetConsolidation(INT,INT,VARCHAR,BIT,BIT,XML,INT,BIT,INT,NVARCHAR)",CREATE PROCEDURE,M,Transact,DZ2dAbBcX3Skb4MNB+rC+Q==
6eb54011-ba58-4fdb-84b6-d39159932fda,Low,SSC-EWI-0101,Commented out transaction label name because is not applicable in Snowflake,COMMENTED OUT TRANSACTION LABEL NAME BECAUSE IS NOT APPLICABLE IN SNOWFLAKE,database_unspecified/planning/procedure/usp_processbudgetconsolidation.sql,154,9,N/A,Planning,N/A,"usp_ProcessBudgetConsolidation(INT,INT,VARCHAR,BIT,BIT,XML,INT,BIT,INT,NVARCHAR)","Planning.usp_ProcessBudgetConsolidation(INT,INT,VARCHAR,BIT,BIT,XML,INT,BIT,INT,NVARCHAR)",CREATE PROCEDURE,M,Transact,DZ2dAbBcX3Skb4MNB+rC+Q==
6eb54011-ba58-4fdb-84b6-d39159932fda,None,SSC-FDM-TS0019,RAISERROR error message may differ because of the SQL Server string format,RAISERROR ERROR MESSAGE MAY DIFFER BECAUSE OF THE SQL SERVER STRING FORMAT,database_unspecified/planning/procedure/usp_processbudgetconsolidation.sql,131,13,N/A,Planning,N/A,"usp_ProcessBudgetConsolidation(INT,INT,VARCHAR,BIT,BIT,XML,INT,BIT,INT,NVARCHAR)","Planning.usp_ProcessBudgetConsolidation(INT,INT,VARCHAR,BIT,BIT,XML,INT,BIT,INT,NVARCHAR)",CREATE PROCEDURE,M,Transact,DZ2dAbBcX3Skb4MNB+rC+Q==
6eb54011-ba58-4fdb-84b6-d39159932fda,None,SSC-FDM-0021,Create Index is not supported.,CREATE INDEX IS NOT SUPPORTED BY SNOWFLAKE,database_unspecified/planning/procedure/usp_processbudgetconsolidation.sql,74,9,N/A,Planning,N/A,"usp_ProcessBudgetConsolidation(INT,INT,VARCHAR,BIT,BIT,XML,INT,BIT,INT,NVARCHAR)","Planning.usp_ProcessBudgetConsolidation(INT,INT,VARCHAR,BIT,BIT,XML,INT,BIT,INT,NVARCHAR)",CREATE PROCEDURE,M,Transact,DZ2dAbBcX3Skb4MNB+rC+Q==
6eb54011-ba58-4fdb-84b6-d39159932fda,None,SSC-FDM-0021,Create Index is not supported.,CREATE INDEX IS NOT SUPPORTED BY SNOWFLAKE,database_unspecified/planning/procedure/usp_reconcileintercompanybalances.sql,59,9,N/A,Planning,N/A,"usp_ReconcileIntercompanyBalances(INT,DATE,XML,DECIMAL,DECIMAL,BIT,XML,INT,DECIMAL)","Planning.usp_ReconcileIntercompanyBalances(INT,DATE,XML,DECIMAL,DECIMAL,BIT,XML,INT,DECIMAL)",CREATE PROCEDURE,M,Transact,DZ2dAbBcX3Skb4MNB+rC+Q==
6eb54011-ba58-4fdb-84b6-d39159932fda,None,SSC-FDM-0021,Create Index is not supported.,CREATE INDEX IS NOT SUPPORTED BY SNOWFLAKE,database_unspecified/planning/procedure/usp_processbudgetconsolidation.sql,64,9,N/A,Planning,N/A,"usp_ProcessBudgetConsolidation(INT,INT,VARCHAR,BIT,BIT,XML,INT,BIT,INT,NVARCHAR)","Planning.usp_ProcessBudgetConsolidation(INT,INT,VARCHAR,BIT,BIT,XML,INT,BIT,INT,NVARCHAR)",CREATE PROCEDURE,M,Transact,DZ2dAbBcX3Skb4MNB+rC+Q==
6eb54011-ba58-4fdb-84b6-d39159932fda,None,SSC-FDM-0021,Create Index is not supported.,CREATE INDEX IS NOT SUPPORTED BY SNOWFLAKE,database_unspecified/planning/procedure/usp_reconcileintercompanybalances.sql,58,9,N/A,Planning,N/A,"usp_ReconcileIntercompanyBalances(INT,DATE,XML,DECIMAL,DECIMAL,BIT,XML,INT,DECIMAL)","Planning.usp_ReconcileIntercompanyBalances(INT,DATE,XML,DECIMAL,DECIMAL,BIT,XML,INT,DECIMAL)",CREATE PROCEDURE,M,Transact,DZ2dAbBcX3Skb4MNB+rC+Q==
6eb54011-ba58-4fdb-84b6-d39159932fda,Low,SSC-EWI-0040,Clause Not Supported,THE 'SIMPLE SET STATEMENT' CLAUSE IS NOT SUPPORTED IN SNOWFLAKE,database_unspecified/planning/procedure/usp_processbudgetconsolidation.sql,40,5,N/A,Planning,N/A,"usp_ProcessBudgetConsolidation(INT,INT,VARCHAR,BIT,BIT,XML,INT,BIT,INT,NVARCHAR)","Planning.usp_ProcessBudgetConsolidation(INT,INT,VARCHAR,BIT,BIT,XML,INT,BIT,INT,NVARCHAR)",CREATE PROCEDURE,M,Transact,DZ2dAbBcX3Skb4MNB+rC+Q==
6eb54011-ba58-4fdb-84b6-d39159932fda,None,SSC-FDM-TS0029,"SET NOCOUNT statement is commented out, which is not applicable in Snowflake.","SET NOCOUNT STATEMENT IS COMMENTED OUT, WHICH IS NOT APPLICABLE IN SNOWFLAKE.",database_unspecified/planning/procedure/usp_processbudgetconsolidation.sql,39,5,N/A,Planning,N/A,"usp_ProcessBudgetConsolidation(INT,INT,VARCHAR,BIT,BIT,XML,INT,BIT,INT,NVARCHAR)","Planning.usp_ProcessBudgetConsolidation(INT,INT,VARCHAR,BIT,BIT,XML,INT,BIT,INT,NVARCHAR)",CREATE PROCEDURE,M,Transact,DZ2dAbBcX3Skb4MNB+rC+Q==
6eb54011-ba58-4fdb-84b6-d39159932fda,None,SSC-FDM-TS0029,"SET NOCOUNT statement is commented out, which is not applicable in Snowflake.","SET NOCOUNT STATEMENT IS COMMENTED OUT, WHICH IS NOT APPLICABLE IN SNOWFLAKE.",database_unspecified/planning/procedure/usp_reconcileintercompanybalances.sql,37,5,N/A,Planning,N/A,"usp_ReconcileIntercompanyBalances(INT,DATE,XML,DECIMAL,DECIMAL,BIT,XML,INT,DECIMAL)","Planning.usp_ReconcileIntercompanyBalances(INT,DATE,XML,DECIMAL,DECIMAL,BIT,XML,INT,DECIMAL)",CREATE PROCEDURE,M,Transact,DZ2dAbBcX3Skb4MNB+rC+Q==
6eb54011-ba58-4fdb-84b6-d39159932fda,Medium,SSC-EWI-0058,Functionality is not currently supported by Snowflake Scripting,FUNCTIONALITY FOR 'FOR UPDATE' IS NOT CURRENTLY SUPPORTED BY SNOWFLAKE SCRIPTING,database_unspecified/planning/procedure/usp_processbudgetconsolidation.sql,107,5,N/A,Planning,N/A,"usp_ProcessBudgetConsolidation(INT,INT,VARCHAR,BIT,BIT,XML,INT,BIT,INT,NVARCHAR)","Planning.usp_ProcessBudgetConsolidation(INT,INT,VARCHAR,BIT,BIT,XML,INT,BIT,INT,NVARCHAR)",CREATE PROCEDURE,M,Transact,DZ2dAbBcX3Skb4MNB+rC+Q==
6eb54011-ba58-4fdb-84b6-d39159932fda,None,SSC-FDM-TS0013,Snowflake Scripting cursor rows are not modifiable,SNOWFLAKE SCRIPTING CURSOR ROWS ARE NOT MODIFIABLE,database_unspecified/planning/procedure/usp_processbudgetconsolidation.sql,107,5,N/A,Planning,N/A,"usp_ProcessBudgetConsolidation(INT,INT,VARCHAR,BIT,BIT,XML,INT,BIT,INT,NVARCHAR)","Planning.usp_ProcessBudgetConsolidation(INT,INT,VARCHAR,BIT,BIT,XML,INT,BIT,INT,NVARCHAR)",CREATE PROCEDURE,M,Transact,DZ2dAbBcX3Skb4MNB+rC+Q==
6eb54011-ba58-4fdb-84b6-d39159932fda,Medium,SSC-EWI-TS0037,Snowflake Scripting only supports forward_only cursors,"SNOWFLAKE SCRIPTING CURSORS ARE NON-SCROLLABLE, ONLY FETCH NEXT IS SUPPORTED",database_unspecified/planning/procedure/usp_processbudgetconsolidation.sql,107,5,N/A,Planning,N/A,"usp_ProcessBudgetConsolidation(INT,INT,VARCHAR,BIT,BIT,XML,INT,BIT,INT,NVARCHAR)","Planning.usp_ProcessBudgetConsolidation(INT,INT,VARCHAR,BIT,BIT,XML,INT,BIT,INT,NVARCHAR)",CREATE PROCEDURE,M,Transact,DZ2dAbBcX3Skb4MNB+rC+Q==
6eb54011-ba58-4fdb-84b6-d39159932fda,None,SSC-FDM-0009,GLOBAL TEMPORARY TABLE not supported,GLOBAL TEMPORARY TABLE FUNCTIONALITY NOT SUPPORTED.,database_unspecified/planning/procedure/usp_generaterollingforecast.sql,52,5,N/A,Planning,N/A,"usp_GenerateRollingForecast(INT,INT,INT,VARCHAR,NVARCHAR,DECIMAL,DECIMAL,VARCHAR,INT,NVARCHAR)","Planning.usp_GenerateRollingForecast(INT,INT,INT,VARCHAR,NVARCHAR,DECIMAL,DECIMAL,VARCHAR,INT,NVARCHAR)",CREATE PROCEDURE,M,Transact,DZ2dAbBcX3Skb4MNB+rC+Q==
6eb54011-ba58-4fdb-84b6-d39159932fda,None,SSC-FDM-TS0013,Snowflake Scripting cursor rows are not modifiable,SNOWFLAKE SCRIPTING CURSOR ROWS ARE NOT MODIFIABLE,database_unspecified/planning/procedure/usp_processbudgetconsolidation.sql,96,5,N/A,Planning,N/A,"usp_ProcessBudgetConsolidation(INT,INT,VARCHAR,BIT,BIT,XML,INT,BIT,INT,NVARCHAR)","Planning.usp_ProcessBudgetConsolidation(INT,INT,VARCHAR,BIT,BIT,XML,INT,BIT,INT,NVARCHAR)",CREATE PROCEDURE,M,Transact,DZ2dAbBcX3Skb4MNB+rC+Q==
6eb54011-ba58-4fdb-84b6-d39159932fda,None,SSC-FDM-TS0029,"SET NOCOUNT statement is commented out, which is not applicable in Snowflake.","SET NOCOUNT STATEMENT IS COMMENTED OUT, WHICH IS NOT APPLICABLE IN SNOWFLAKE.",database_unspecified/planning/procedure/usp_generaterollingforecast.sql,38,5,N/A,Planning,N/A,"usp_GenerateRollingForecast(INT,INT,INT,VARCHAR,NVARCHAR,DECIMAL,DECIMAL,VARCHAR,INT,NVARCHAR)","Planning.usp_GenerateRollingForecast(INT,INT,INT,VARCHAR,NVARCHAR,DECIMAL,DECIMAL,VARCHAR,INT,NVARCHAR)",CREATE PROCEDURE,M,Transact,DZ2dAbBcX3Skb4MNB+rC+Q==
6eb54011-ba58-4fdb-84b6-d39159932fda,None,SSC-FDM-TS0014,Computed column transformed.,"COMPUTED COLUMN WAS TRANSFORMED TO ITS SNOWFLAKE EQUIVALENT, FUNCTIONAL EQUIVALENCE VERIFICATION PENDING.",database_unspecified/planning/table/budgetlineitem.sql,32,5,N/A,Planning,N/A,BudgetLineItem,Planning.BudgetLineItem,CREATE TABLE,XS,Transact,DZ2dAbBcX3Skb4MNB+rC+Q==
6eb54011-ba58-4fdb-84b6-d39159932fda,None,SSC-FDM-TS0014,Computed column transformed.,"COMPUTED COLUMN WAS TRANSFORMED TO ITS SNOWFLAKE EQUIVALENT, FUNCTIONAL EQUIVALENCE VERIFICATION PENDING.",database_unspecified/planning/table/budgetlineitem.sql,13,5,N/A,Planning,N/A,BudgetLineItem,Planning.BudgetLineItem,CREATE TABLE,XS,Transact,DZ2dAbBcX3Skb4MNB+rC+Q==
6eb54011-ba58-4fdb-84b6-d39159932fda,None,SSC-FDM-0021,Create Index is not supported.,CREATE INDEX IS NOT SUPPORTED BY SNOWFLAKE,database_unspecified/dbo/unknown_type/glaccount.sql,1,0,N/A,dbo,N/A,NCCI_GLAccount_Analytics,dbo.NCCI_GLAccount_Analytics,CREATE INDEX,XS,Transact,DZ2dAbBcX3Skb4MNB+rC+Q==
6eb54011-ba58-4fdb-84b6-d39159932fda,Medium,SSC-EWI-0073,Pending Functional Equivalence Review,PENDING FUNCTIONAL EQUIVALENCE REVIEW FOR 'TableOptionSystemVersioning' NODE,database_unspecified/planning/table/costcenter.sql,28,7,N/A,Planning,N/A,CostCenter,Planning.CostCenter,CREATE TABLE,XS,Transact,DZ2dAbBcX3Skb4MNB+rC+Q==
6eb54011-ba58-4fdb-84b6-d39159932fda,Medium,SSC-EWI-0073,Pending Functional Equivalence Review,PENDING FUNCTIONAL EQUIVALENCE REVIEW FOR 'CheckConstraintDefinition' NODE,database_unspecified/planning/table/costcenter.sql,26,37,N/A,Planning,N/A,CostCenter,Planning.CostCenter,CREATE TABLE,XS,Transact,DZ2dAbBcX3Skb4MNB+rC+Q==
6eb54011-ba58-4fdb-84b6-d39159932fda,Medium,SSC-EWI-0073,Pending Functional Equivalence Review,PENDING FUNCTIONAL EQUIVALENCE REVIEW FOR 'TablePeriodDefinition' NODE,database_unspecified/planning/table/costcenter.sql,21,5,N/A,Planning,N/A,CostCenter,Planning.CostCenter,CREATE TABLE,XS,Transact,DZ2dAbBcX3Skb4MNB+rC+Q==
6eb54011-ba58-4fdb-84b6-d39159932fda,Medium,SSC-EWI-0073,Pending Functional Equivalence Review,PENDING FUNCTIONAL EQUIVALENCE REVIEW FOR 'GeneratedClause' NODE,database_unspecified/planning/table/costcenter.sql,20,42,N/A,Planning,N/A,CostCenter,Planning.CostCenter,CREATE TABLE,XS,Transact,DZ2dAbBcX3Skb4MNB+rC+Q==
6eb54011-ba58-4fdb-84b6-d39159932fda,Medium,SSC-EWI-0073,Pending Functional Equivalence Review,PENDING FUNCTIONAL EQUIVALENCE REVIEW FOR 'GeneratedClause' NODE,database_unspecified/planning/table/costcenter.sql,19,42,N/A,Planning,N/A,CostCenter,Planning.CostCenter,CREATE TABLE,XS,Transact,DZ2dAbBcX3Skb4MNB+rC+Q==
6eb54011-ba58-4fdb-84b6-d39159932fda,None,SSC-FDM-TS0014,Computed column transformed.,"COMPUTED COLUMN WAS TRANSFORMED TO ITS SNOWFLAKE EQUIVALENT, FUNCTIONAL EQUIVALENCE VERIFICATION PENDING.",database_unspecified/planning/table/costcenter.sql,12,5,N/A,Planning,N/A,CostCenter,Planning.CostCenter,CREATE TABLE,XS,Transact,DZ2dAbBcX3Skb4MNB+rC+Q==
6eb54011-ba58-4fdb-84b6-d39159932fda,None,SSC-FDM-0021,Create Index is not supported.,CREATE INDEX IS NOT SUPPORTED BY SNOWFLAKE,database_unspecified/planning/index/ix_fiscalperiod_dates.sql,1,0,N/A,dbo,N/A,IX_FiscalPeriod_Dates,dbo.IX_FiscalPeriod_Dates,CREATE INDEX,XS,Transact,DZ2dAbBcX3Skb4MNB+rC+Q==
6eb54011-ba58-4fdb-84b6-d39159932fda,Medium,SSC-EWI-TS0107,CREATE TYPE AS TABLE cannot be converted to Snowflake,CREATE TYPE AS TABLE IS NOT SUPPORTED IN SNOWFLAKE,database_unspecified/planning/type/budgetlineitemtabletype.sql,10,2,N/A,N/A,N/A,N/A,N/A,N/A,N/A,Transact,DZ2dAbBcX3Skb4MNB+rC+Q==
6eb54011-ba58-4fdb-84b6-d39159932fda,Medium,SSC-EWI-0073,Pending Functional Equivalence Review,PENDING FUNCTIONAL EQUIVALENCE REVIEW FOR 'CheckConstraintDefinition' NODE,database_unspecified/planning/table/glaccount.sql,31,37,N/A,Planning,N/A,GLAccount,Planning.GLAccount,CREATE TABLE,XS,Transact,DZ2dAbBcX3Skb4MNB+rC+Q==
6eb54011-ba58-4fdb-84b6-d39159932fda,Medium,SSC-EWI-0073,Pending Functional Equivalence Review,PENDING FUNCTIONAL EQUIVALENCE REVIEW FOR 'CheckConstraintDefinition' NODE,database_unspecified/planning/table/glaccount.sql,30,34,N/A,Planning,N/A,GLAccount,Planning.GLAccount,CREATE TABLE,XS,Transact,DZ2dAbBcX3Skb4MNB+rC+Q==
6eb54011-ba58-4fdb-84b6-d39159932fda,Low,SSC-EWI-0040,Clause Not Supported,THE 'SPARSE COLUMN OPTION' CLAUSE IS NOT SUPPORTED IN SNOWFLAKE,database_unspecified/planning/table/glaccount.sql,25,41,N/A,Planning,N/A,GLAccount,Planning.GLAccount,CREATE TABLE,XS,Transact,DZ2dAbBcX3Skb4MNB+rC+Q==
6eb54011-ba58-4fdb-84b6-d39159932fda,Low,SSC-EWI-0040,Clause Not Supported,THE 'SPARSE COLUMN OPTION' CLAUSE IS NOT SUPPORTED IN SNOWFLAKE,database_unspecified/planning/table/glaccount.sql,24,41,N/A,Planning,N/A,GLAccount,Planning.GLAccount,CREATE TABLE,XS,Transact,DZ2dAbBcX3Skb4MNB+rC+Q==
6eb54011-ba58-4fdb-84b6-d39159932fda,Low,SSC-EWI-0040,Clause Not Supported,THE 'SPARSE COLUMN OPTION' CLAUSE IS NOT SUPPORTED IN SNOWFLAKE,database_unspecified/planning/table/glaccount.sql,23,41,N/A,Planning,N/A,GLAccount,Planning.GLAccount,CREATE TABLE,XS,Transact,DZ2dAbBcX3Skb4MNB+rC+Q==
6eb54011-ba58-4fdb-84b6-d39159932fda,Medium,SSC-EWI-0073,Pending Functional Equivalence Review,PENDING FUNCTIONAL EQUIVALENCE REVIEW FOR 'CheckConstraintDefinition' NODE,database_unspecified/planning/table/budgetheader.sql,35,39,N/A,Planning,N/A,BudgetHeader,Planning.BudgetHeader,CREATE TABLE,XS,Transact,DZ2dAbBcX3Skb4MNB+rC+Q==
6eb54011-ba58-4fdb-84b6-d39159932fda,Low,SSC-EWI-0036,Data type converted to other data type,XML DATA TYPE CONVERTED TO VARIANT,database_unspecified/planning/table/budgetheader.sql,24,29,N/A,Planning,N/A,BudgetHeader,Planning.BudgetHeader,CREATE TABLE,XS,Transact,DZ2dAbBcX3Skb4MNB+rC+Q==
6eb54011-ba58-4fdb-84b6-d39159932fda,None,SSC-FDM-TS0014,Computed column transformed.,"COMPUTED COLUMN WAS TRANSFORMED TO ITS SNOWFLAKE EQUIVALENT, FUNCTIONAL EQUIVALENCE VERIFICATION PENDING.",database_unspecified/planning/table/budgetheader.sql,20,5,N/A,Planning,N/A,BudgetHeader,Planning.BudgetHeader,CREATE TABLE,XS,Transact,DZ2dAbBcX3Skb4MNB+rC+Q==
6eb54011-ba58-4fdb-84b6-d39159932fda,None,SSC-FDM-0021,Create Index is not supported.,CREATE INDEX IS NOT SUPPORTED BY SNOWFLAKE,database_unspecified/dbo/unknown_type/budgetlineitem.sql,1,0,N/A,dbo,N/A,NCCI_BudgetLineItem_Analytics,dbo.NCCI_BudgetLineItem_Analytics,CREATE INDEX,XS,Transact,DZ2dAbBcX3Skb4MNB+rC+Q==
6eb54011-ba58-4fdb-84b6-d39159932fda,Medium,SSC-EWI-0073,Pending Functional Equivalence Review,PENDING FUNCTIONAL EQUIVALENCE REVIEW FOR 'CheckConstraintDefinition' NODE,database_unspecified/planning/table/allocationrule.sql,42,43,N/A,Planning,N/A,AllocationRule,Planning.AllocationRule,CREATE TABLE,XS,Transact,DZ2dAbBcX3Skb4MNB+rC+Q==
6eb54011-ba58-4fdb-84b6-d39159932fda,Medium,SSC-EWI-0073,Pending Functional Equivalence Review,PENDING FUNCTIONAL EQUIVALENCE REVIEW FOR 'CheckConstraintDefinition' NODE,database_unspecified/planning/table/allocationrule.sql,41,39,N/A,Planning,N/A,AllocationRule,Planning.AllocationRule,CREATE TABLE,XS,Transact,DZ2dAbBcX3Skb4MNB+rC+Q==
6eb54011-ba58-4fdb-84b6-d39159932fda,Low,SSC-EWI-0036,Data type converted to other data type,XML DATA TYPE CONVERTED TO VARIANT,database_unspecified/planning/table/allocationrule.sql,16,29,N/A,Planning,N/A,AllocationRule,Planning.AllocationRule,CREATE TABLE,XS,Transact,DZ2dAbBcX3Skb4MNB+rC+Q==
6eb54011-ba58-4fdb-84b6-d39159932fda,Critical,SSC-EWI-0001,Error parsing the source code,UNRECOGNIZED TOKEN ON LINE '1' COLUMN '0' OF THE SOURCE CODE STARTING AT 'CREATE'. EXPECTED 'Statement' GRAMMAR. LAST MATCHING TOKEN WAS 'CREATE' ON LINE '1' COLUMN '0'.,database_unspecified/dbo/unknown_type/allocationrule.sql,1,0,N/A,N/A,N/A,N/A,N/A,N/A,N/A,Transact,DZ2dAbBcX3Skb4MNB+rC+Q==
6eb54011-ba58-4fdb-84b6-d39159932fda,Medium,SSC-EWI-0073,Pending Functional Equivalence Review,PENDING FUNCTIONAL EQUIVALENCE REVIEW FOR 'CheckConstraintDefinition' NODE,database_unspecified/planning/table/fiscalperiod.sql,24,42,N/A,Planning,N/A,FiscalPeriod,Planning.FiscalPeriod,CREATE TABLE,XS,Transact,DZ2dAbBcX3Skb4MNB+rC+Q==
6eb54011-ba58-4fdb-84b6-d39159932fda,Medium,SSC-EWI-0073,Pending Functional Equivalence Review,PENDING FUNCTIONAL EQUIVALENCE REVIEW FOR 'CheckConstraintDefinition' NODE,database_unspecified/planning/table/fiscalperiod.sql,23,38,N/A,Planning,N/A,FiscalPeriod,Planning.FiscalPeriod,CREATE TABLE,XS,Transact,DZ2dAbBcX3Skb4MNB+rC+Q==
6eb54011-ba58-4fdb-84b6-d39159932fda,Medium,SSC-EWI-0073,Pending Functional Equivalence Review,PENDING FUNCTIONAL EQUIVALENCE REVIEW FOR 'CheckConstraintDefinition' NODE,database_unspecified/planning/table/fiscalperiod.sql,22,40,N/A,Planning,N/A,FiscalPeriod,Planning.FiscalPeriod,CREATE TABLE,XS,Transact,DZ2dAbBcX3Skb4MNB+rC+Q==
6eb54011-ba58-4fdb-84b6-d39159932fda,None,SSC-FDM-TS0046,Rowversion/timestamp data type auto-generates unique values on INSERT and UPDATE in SQL Server. This behavior is not replicated in Snowflake BINARY(8).,ROWVERSION/TIMESTAMP DATA TYPE AUTO-GENERATES UNIQUE VALUES ON INSERT AND UPDATE IN SQL SERVER. THIS BEHAVIOR IS NOT REPLICATED IN SNOWFLAKE BINARY(8).,database_unspecified/planning/table/fiscalperiod.sql,19,29,N/A,Planning,N/A,FiscalPeriod,Planning.FiscalPeriod,CREATE TABLE,XS,Transact,DZ2dAbBcX3Skb4MNB+rC+Q==
6eb54011-ba58-4fdb-84b6-d39159932fda,None,SSC-FDM-0021,Create Index is not supported.,CREATE INDEX IS NOT SUPPORTED BY SNOWFLAKE,database_unspecified/planning/index/uq_budgetlineitem_naturalkey.sql,1,0,N/A,dbo,N/A,UQ_BudgetLineItem_NaturalKey,dbo.UQ_BudgetLineItem_NaturalKey,CREATE INDEX,XS,Transact,DZ2dAbBcX3Skb4MNB+rC+Q==
6eb54011-ba58-4fdb-84b6-d39159932fda,None,SSC-FDM-0021,Create Index is not supported.,CREATE INDEX IS NOT SUPPORTED BY SNOWFLAKE,database_unspecified/planning/index/ix_budgetlineitem_allocated.sql,1,0,N/A,dbo,N/A,IX_BudgetLineItem_Allocated,dbo.IX_BudgetLineItem_Allocated,CREATE INDEX,XS,Transact,DZ2dAbBcX3Skb4MNB+rC+Q==
6eb54011-ba58-4fdb-84b6-d39159932fda,Medium,SSC-EWI-0073,Pending Functional Equivalence Review,PENDING FUNCTIONAL EQUIVALENCE REVIEW FOR 'CheckConstraintDefinition' NODE,database_unspecified/planning/table/consolidationjournalline.sql,38,56,N/A,Planning,N/A,ConsolidationJournalLine,Planning.ConsolidationJournalLine,CREATE TABLE,XS,Transact,DZ2dAbBcX3Skb4MNB+rC+Q==
6eb54011-ba58-4fdb-84b6-d39159932fda,None,SSC-FDM-TS0014,Computed column transformed.,"COMPUTED COLUMN WAS TRANSFORMED TO ITS SNOWFLAKE EQUIVALENT, FUNCTIONAL EQUIVALENCE VERIFICATION PENDING.",database_unspecified/planning/table/consolidationjournalline.sql,12,5,N/A,Planning,N/A,ConsolidationJournalLine,Planning.ConsolidationJournalLine,CREATE TABLE,XS,Transact,DZ2dAbBcX3Skb4MNB+rC+Q==
6eb54011-ba58-4fdb-84b6-d39159932fda,Medium,SSC-EWI-0073,Pending Functional Equivalence Review,PENDING FUNCTIONAL EQUIVALENCE REVIEW FOR 'NEWSEQUENTIALID' NODE,database_unspecified/planning/table/consolidationjournal.sql,36,74,N/A,Planning,N/A,ConsolidationJournal,Planning.ConsolidationJournal,CREATE TABLE,XS,Transact,DZ2dAbBcX3Skb4MNB+rC+Q==
6eb54011-ba58-4fdb-84b6-d39159932fda,Low,SSC-EWI-0040,Clause Not Supported,THE 'ROWGUIDCOL COLUMN OPTION' CLAUSE IS NOT SUPPORTED IN SNOWFLAKE,database_unspecified/planning/table/consolidationjournal.sql,36,46,N/A,Planning,N/A,ConsolidationJournal,Planning.ConsolidationJournal,CREATE TABLE,XS,Transact,DZ2dAbBcX3Skb4MNB+rC+Q==
6eb54011-ba58-4fdb-84b6-d39159932fda,Low,SSC-EWI-0040,Clause Not Supported,THE 'FILESTREAM COLUMN OPTION' CLAUSE IS NOT SUPPORTED IN SNOWFLAKE,database_unspecified/planning/table/consolidationjournal.sql,35,44,N/A,Planning,N/A,ConsolidationJournal,Planning.ConsolidationJournal,CREATE TABLE,XS,Transact,DZ2dAbBcX3Skb4MNB+rC+Q==
6eb54011-ba58-4fdb-84b6-d39159932fda,None,SSC-FDM-TS0014,Computed column transformed.,"COMPUTED COLUMN WAS TRANSFORMED TO ITS SNOWFLAKE EQUIVALENT, FUNCTIONAL EQUIVALENCE VERIFICATION PENDING.",database_unspecified/planning/table/consolidationjournal.sql,24,5,N/A,Planning,N/A,ConsolidationJournal,Planning.ConsolidationJournal,CREATE TABLE,XS,Transact,DZ2dAbBcX3Skb4MNB+rC+Q==
6eb54011-ba58-4fdb-84b6-d39159932fda,Critical,SSC-EWI-0001,Error parsing the source code,UNRECOGNIZED TOKEN ON LINE '3' COLUMN '0' OF THE SOURCE CODE STARTING AT 'CREATE'. EXPECTED 'Statement' GRAMMAR. LAST MATCHING TOKEN WAS 'CREATE' ON LINE '3' COLUMN '0'.,database_unspecified/dbo/unknown_type/budgetheader.sql,3,0,N/A,N/A,N/A,N/A,N/A,N/A,N/A,Transact,DZ2dAbBcX3Skb4MNB+rC+Q==
6eb54011-ba58-4fdb-84b6-d39159932fda,Medium,SSC-EWI-TS0107,CREATE TYPE AS TABLE cannot be converted to Snowflake,CREATE TYPE AS TABLE IS NOT SUPPORTED IN SNOWFLAKE,database_unspecified/planning/type/hierarchynodetabletype.sql,4,2,N/A,N/A,N/A,N/A,N/A,N/A,N/A,Transact,DZ2dAbBcX3Skb4MNB+rC+Q==
6eb54011-ba58-4fdb-84b6-d39159932fda,None,SSC-FDM-0021,Create Index is not supported.,CREATE INDEX IS NOT SUPPORTED BY SNOWFLAKE,database_unspecified/planning/index/ix_fiscalperiod_openperiods.sql,1,0,N/A,dbo,N/A,IX_FiscalPeriod_OpenPeriods,dbo.IX_FiscalPeriod_OpenPeriods,CREATE INDEX,XS,Transact,DZ2dAbBcX3Skb4MNB+rC+Q==
6eb54011-ba58-4fdb-84b6-d39159932fda,Critical,SSC-EWI-0001,Error parsing the source code,UNRECOGNIZED TOKEN ON LINE '1' COLUMN '0' OF THE SOURCE CODE STARTING AT 'CREATE'. EXPECTED 'Statement' GRAMMAR. LAST MATCHING TOKEN WAS 'CREATE' ON LINE '1' COLUMN '0'.,database_unspecified/dbo/unknown_type/budgetheader.sql,1,0,N/A,N/A,N/A,N/A,N/A,N/A,N/A,Transact,DZ2dAbBcX3Skb4MNB+rC+Q==
6eb54011-ba58-4fdb-84b6-d39159932fda,Medium,SSC-EWI-TS0107,CREATE TYPE AS TABLE cannot be converted to Snowflake,CREATE TYPE AS TABLE IS NOT SUPPORTED IN SNOWFLAKE,database_unspecified/planning/type/allocationresulttabletype.sql,6,2,N/A,N/A,N/A,N/A,N/A,N/A,N/A,Transact,DZ2dAbBcX3Skb4MNB+rC+Q==
6eb54011-ba58-4fdb-84b6-d39159932fda,None,SSC-FDM-0021,Create Index is not supported.,CREATE INDEX IS NOT SUPPORTED BY SNOWFLAKE,database_unspecified/dbo/unknown_type/consolidationjournalline.sql,1,0,N/A,dbo,N/A,NCCI_ConsolidationJournalLine,dbo.NCCI_ConsolidationJournalLine,CREATE INDEX,XS,Transact,DZ2dAbBcX3Skb4MNB+rC+Q==
6eb54011-ba58-4fdb-84b6-d39159932fda,None,SSC-FDM-0021,Create Index is not supported.,CREATE INDEX IS NOT SUPPORTED BY SNOWFLAKE,database_unspecified/planning/index/ix_consolidationjournal_rowguid.sql,1,0,N/A,dbo,N/A,IX_ConsolidationJournal_RowGuid,dbo.IX_ConsolidationJournal_RowGuid,CREATE INDEX,XS,Transact,DZ2dAbBcX3Skb4MNB+rC+Q==
6eb54011-ba58-4fdb-84b6-d39159932fda,None,SSC-FDM-0021,Create Index is not supported.,CREATE INDEX IS NOT SUPPORTED BY SNOWFLAKE,database_unspecified/planning/index/ix_costcenter_hierarchy.sql,1,0,N/A,dbo,N/A,IX_CostCenter_Hierarchy,dbo.IX_CostCenter_Hierarchy,CREATE INDEX,XS,Transact,DZ2dAbBcX3Skb4MNB+rC+Q==
